drop table registration cascade constraints;
drop table color cascade constraints;
drop table owns cascade constraints;
drop table vehicle cascade constraints;

create table VEHICLE
(plates /* Plate number */ varchar(6) not null primary key,
year /* Year of manufacture */ char(4)
      constraint check_year check (year between '1900' and '2019'),
eng_no /* Engine number */ varchar(9) not null unique,
ch_no /* Chassis number */ varchar(7) not null unique,
type /* Type of the vehicle (taxi, private, truck, ...) */ char(1)
      constraint check_veh_type check (type in ('p','m','t','r','l')),
make /* Make of a vehicle */ varchar(10),
model /* Model of a vehicle */ varchar(10),
foreign key (make,model) references tanja.vehicle_type);

create table OWNS
(plates /* Owner's plates number */ varchar(6) not null references vehicle,
ownerid /* Owner's id number */ char(8) not null references tanja.owner,
purchase_date /* The date of purchase */ date,
drr /* The mileage */ char(6),
DateSold /* The date the vehicle was sold */ date default null,
primary key (plates,ownerid));

create table COLOR
(plates /* The plate number */ varchar(6) not null references vehicle,
color /* Color of the vehicle */ varchar(10) not null,
primary key (plates,color));

create table REGISTRATION
(plates /* Plates */ varchar(6) not null references vehicle,
emp /* IRD of the employee who registered the vehicle */ varchar(10) not null references tanja.employee,
reg_org /* Organization number */ varchar(10) not null references tanja.reg_org,
reg_date /* Registration date */ date not null,
country /* The country */ varchar(10),
drr /* mileage */ char(6),
amount /* the price */ number,
primary key (plates,emp,reg_org,reg_date));

/* Inserts for the Vehicle table */
insert into vehicle values('QJD123',2003,1686617,655239,'p','ford','telstar');
insert into vehicle values('JS2938',1975,3857364,36333,'p','ford','telstar');
insert into vehicle values('JJ3847',1985,3847523,82736,'t','VW','golf');
insert into vehicle values('OZ8347',1991,2948573,84723,'p','mazda',323);
insert into vehicle values('PP3958',1995,9385734,82222,'p','mazda',121);
insert into vehicle values('PA9485',1994,1928434,29384,'p','daihatsu','charade');
insert into vehicle values('TX9283',1993,9287323,44735,'p','ford','telstar');
insert into vehicle values('DBA256',2012,7918189,11122,'p','honda','jazz');
insert into vehicle values('JAL264',2006,8928382,22322,'p','honda','civic');
insert into vehicle values('GRW858',2017,9928456,33434,'t','honda','accord');
insert into vehicle (plates, year, eng_no, ch_no, type, model, make) values ('UPF991', 1997, '693823329', '7207850', 't', 'barina', 'holden');
insert into vehicle (plates, year, eng_no, ch_no, type, model, make) values ('SQI002', 1996, '013337632', '8030237', 'p', 'forester', 'subaru');
insert into vehicle (plates, year, eng_no, ch_no, type, model, make) values ('JPZ553', 1987, '159478383', '1810342', 'p', 'cerato', 'kia');
insert into vehicle (plates, year, eng_no, ch_no, type, model, make) values ('XSG334', 2004, '813223965', '6721352', 'p', 'outlander', 'mitsubishi');
insert into vehicle (plates, year, eng_no, ch_no, type, model, make) values ('TRG225', 1987, '979114208', '1089310', 'p', 'golf', 'VW');
insert into vehicle (plates, year, eng_no, ch_no, type, model, make) values ('HLO006', 1994, '890536848', '4506871', 't', 'accord', 'honda');
insert into vehicle (plates, year, eng_no, ch_no, type, model, make) values ('GPM997', 2000, '263910441', '2008468', 'p', 'corolla', 'toyota');
insert into vehicle (plates, year, eng_no, ch_no, type, model, make) values ('MPU778', 2009, '216204419', '0574360', 'p', 'corolla', 'toyota');
insert into vehicle (plates, year, eng_no, ch_no, type, model, make) values ('UFM999', 2014, '811757869', '1917700', 'p', 'accent', 'hyundai');
insert into vehicle (plates, year, eng_no, ch_no, type, model, make) values ('EJT910', 1988, '566389461', '9033806', 't', 'rav4', 'toyota');
insert into vehicle (plates, year, eng_no, ch_no, type, model, make) values ('EKC111', 2003, '608544261', '4301471', 'r', 'forester', 'subaru');
insert into vehicle (plates, year, eng_no, ch_no, type, model, make) values ('RTU112', 1998, '511224411', '5370746', 't', 'golf', 'VW');
insert into vehicle (plates, year, eng_no, ch_no, type, model, make) values ('DNI813', 2003, '613500231', '1438013', 'r', 'outlander', 'mitsubishi');
insert into vehicle (plates, year, eng_no, ch_no, type, model, make) values ('RHP014', 2000, '840774558', '3589403', 'r', 'corolla', 'toyota');
insert into vehicle (plates, year, eng_no, ch_no, type, model, make) values ('MJA315', 1992, '592200937', '3022448', 'p', 'swift', 'suzuki');
insert into vehicle (plates, year, eng_no, ch_no, type, model, make) values ('VYL016', 2012, '461769050', '1034508', 'p', 'blade', 'toyota');
insert into vehicle (plates, year, eng_no, ch_no, type, model, make) values ('DSL617', 2008, '224583276', '4713586', 'p', 'accent', 'hyundai');
insert into vehicle (plates, year, eng_no, ch_no, type, model, make) values ('ERV918', 2004, '846810888', '7908561', 'p', 'juke', 'nissan');
insert into vehicle (plates, year, eng_no, ch_no, type, model, make) values ('LUG419', 1997, '043222494', '2911983', 'p', 'rav4', 'toyota');
insert into vehicle (plates, year, eng_no, ch_no, type, model, make) values ('HLZ220', 2002, '778741887', '0725777', 'p', 'outlander', 'mitsubishi');
insert into vehicle (plates, year, eng_no, ch_no, type, model, make) values ('HSM521', 1993, '688599907', '9911195', 'p', 'trax', 'holden');
insert into vehicle (plates, year, eng_no, ch_no, type, model, make) values ('KOH422', 1990, '693654562', '6017889', 'p', 'rav4', 'toyota');
insert into vehicle (plates, year, eng_no, ch_no, type, model, make) values ('CKP923', 1998, '191037331', '7041912', 'p', 'demio', 'mazda');
insert into vehicle (plates, year, eng_no, ch_no, type, model, make) values ('PIL424', 2005, '450550262', '7095788', 'p', 'caldina', 'toyota');
insert into vehicle (plates, year, eng_no, ch_no, type, model, make) values ('LKT125', 2002, '635013944', '6752490', 'p', 'forester', 'subaru');
insert into vehicle (plates, year, eng_no, ch_no, type, model, make) values ('IDY226', 1997, '735859779', '9354493', 't', 'forester', 'subaru');
insert into vehicle (plates, year, eng_no, ch_no, type, model, make) values ('RTB727', 1994, '560816081', '7699708', 'p', 'forester', 'subaru');
insert into vehicle (plates, year, eng_no, ch_no, type, model, make) values ('IBY128', 2006, '710288474', '9422646', 'p', 'impreza', 'subaru');
insert into vehicle (plates, year, eng_no, ch_no, type, model, make) values ('UGM629', 2013, '890512299', '5733445', 't', 'juke', 'nissan');
insert into vehicle (plates, year, eng_no, ch_no, type, model, make) values ('PXA530', 1999, '736508978', '5652834', 'p', 'barina', 'holden');
insert into vehicle (plates, year, eng_no, ch_no, type, model, make) values ('EZT731', 1999, '489981118', '6982500', 'p', 'outlander', 'mitsubishi');
insert into vehicle (plates, year, eng_no, ch_no, type, model, make) values ('XRL132', 2003, '169984387', '8846554', 'p', 'corolla', 'toyota');
insert into vehicle (plates, year, eng_no, ch_no, type, model, make) values ('UJF533', 1991, '326262282', '8349395', 'p', 'blade', 'toyota');
insert into vehicle (plates, year, eng_no, ch_no, type, model, make) values ('VAO734', 1985, '163370488', '0796286', 'p', 'forester', 'subaru');
insert into vehicle (plates, year, eng_no, ch_no, type, model, make) values ('ROT935', 1991, '676388706', '0189875', 'p', 'impreza', 'subaru');
insert into vehicle (plates, year, eng_no, ch_no, type, model, make) values ('WEY936', 2015, '073513035', '2397748', 'p', 'CX-5', 'mazda');
insert into vehicle (plates, year, eng_no, ch_no, type, model, make) values ('DLK337', 1987, '564666152', '2304865', 'p', 'polo', 'VW');
insert into vehicle (plates, year, eng_no, ch_no, type, model, make) values ('QAD038', 1995, '530129403', '0327255', 'p', 'navara', 'nissan');
insert into vehicle (plates, year, eng_no, ch_no, type, model, make) values ('DBP539', 1997, '985480077', '6062261', 'p', 'forester', 'subaru');
insert into vehicle (plates, year, eng_no, ch_no, type, model, make) values ('HJR940', 1988, '335649723', '9130843', 'p', 'forester', 'subaru');
insert into vehicle (plates, year, eng_no, ch_no, type, model, make) values ('EHY441', 2006, '341471818', '9867527', 'r', 'rav4', 'toyota');
insert into vehicle (plates, year, eng_no, ch_no, type, model, make) values ('SNB642', 2009, '565293938', '1270345', 'p', 'rav4', 'toyota');
insert into vehicle (plates, year, eng_no, ch_no, type, model, make) values ('BCU743', 1985, '744256833', '9517849', 'p', 'swift', 'suzuki');
insert into vehicle (plates, year, eng_no, ch_no, type, model, make) values ('ZUD944', 2014, '275434968', '2843758', 'p', 'forester', 'subaru');
insert into vehicle (plates, year, eng_no, ch_no, type, model, make) values ('GTV045', 2011, '442905418', '4122347', 'r', 'outlander', 'mitsubishi');
insert into vehicle (plates, year, eng_no, ch_no, type, model, make) values ('ALR346', 1999, '763122249', '2516458', 'r', 'caldina', 'toyota');
insert into vehicle (plates, year, eng_no, ch_no, type, model, make) values ('QYJ947', 2007, '915282163', '8434602', 'p', 'ecosport', 'ford');
insert into vehicle (plates, year, eng_no, ch_no, type, model, make) values ('EKR748', 1993, '404905391', '5904926', 'p', 'imax', 'hyundai');
insert into vehicle (plates, year, eng_no, ch_no, type, model, make) values ('OHZ249', 2013, '364855851', '2106433', 'p', 'rav4', 'toyota');
insert into vehicle (plates, year, eng_no, ch_no, type, model, make) values ('CHU550', 2010, '143786108', '0396442', 'p', 'swift', 'suzuki');
insert into vehicle (plates, year, eng_no, ch_no, type, model, make) values ('AIW451', 1991, '485433134', '2880826', 'p', 'CX-5', 'mazda');
insert into vehicle (plates, year, eng_no, ch_no, type, model, make) values ('VZK452', 1989, '211834799', '2735444', 'p', 'forester', 'subaru');
insert into vehicle (plates, year, eng_no, ch_no, type, model, make) values ('HXL953', 2002, '833519653', '2380367', 'p', 'forester', 'subaru');
insert into vehicle (plates, year, eng_no, ch_no, type, model, make) values ('PRH454', 2011, '075616923', '1544016', 't', 'golf', 'VW');
insert into vehicle (plates, year, eng_no, ch_no, type, model, make) values ('JSK555', 1994, '822309694', '6545743', 'p', 'golf', 'VW');
insert into vehicle (plates, year, eng_no, ch_no, type, model, make) values ('KAC756', 2014, '504089691', '9945580', 't', 'CX-5', 'mazda');
insert into vehicle (plates, year, eng_no, ch_no, type, model, make) values ('CNX057', 1999, '895799027', '8151365', 't', 'swift', 'suzuki');
insert into vehicle (plates, year, eng_no, ch_no, type, model, make) values ('JTP458', 2006, '620674319', '8145610', 'p', 'qashqai', 'nissan');
insert into vehicle (plates, year, eng_no, ch_no, type, model, make) values ('NHD159', 1999, '326759770', '1731531', 'p', 'impreza', 'subaru');
insert into vehicle (plates, year, eng_no, ch_no, type, model, make) values ('PAH360', 2009, '397763762', '7825577', 'p', 'outlander', 'mitsubishi');
insert into vehicle (plates, year, eng_no, ch_no, type, model, make) values ('JWG061', 2002, '544681979', '5807793', 'p', 'blade', 'toyota');
insert into vehicle (plates, year, eng_no, ch_no, type, model, make) values ('VJN862', 2006, '908205997', '8010933', 'p', 'swift', 'suzuki');
insert into vehicle (plates, year, eng_no, ch_no, type, model, make) values ('IQC163', 1986, '319412882', '4210114', 't', 'ecosport', 'ford');
insert into vehicle (plates, year, eng_no, ch_no, type, model, make) values ('KRD264', 1988, '443152374', '4196879', 'p', 'outlander', 'mitsubishi');
insert into vehicle (plates, year, eng_no, ch_no, type, model, make) values ('CSU865', 2004, '388492872', '0423017', 'p', 'ecosport', 'ford');
insert into vehicle (plates, year, eng_no, ch_no, type, model, make) values ('RAQ466', 2000, '858528386', '2742518', 'p', 'caldina', 'toyota');
insert into vehicle (plates, year, eng_no, ch_no, type, model, make) values ('MXT167', 1999, '255478680', '6414889', 'p', 'juke', 'nissan');
insert into vehicle (plates, year, eng_no, ch_no, type, model, make) values ('RNJ668', 1985, '046563614', '3987517', 'p', 'polo', 'VW');
insert into vehicle (plates, year, eng_no, ch_no, type, model, make) values ('CLD069', 2007, '325963433', '9424027', 'p', 'sonata', 'hyundai');
insert into vehicle (plates, year, eng_no, ch_no, type, model, make) values ('VYK970', 1993, '649880124', '9588431', 't', 'telstar', 'ford');
insert into vehicle (plates, year, eng_no, ch_no, type, model, make) values ('PZW271', 2005, '223188462', '9517978', 'r', 'swift', 'suzuki');
insert into vehicle (plates, year, eng_no, ch_no, type, model, make) values ('HVW172', 2012, '620718445', '1243629', 'p', 'sonata', 'hyundai');
insert into vehicle (plates, year, eng_no, ch_no, type, model, make) values ('EXU273', 1993, '616065643', '9014570', 'r', 'atenza', 'mazda');
insert into vehicle (plates, year, eng_no, ch_no, type, model, make) values ('TYP074', 2006, '923389734', '6365034', 'p', 'juke', 'nissan');
insert into vehicle (plates, year, eng_no, ch_no, type, model, make) values ('EQV875', 1997, '611483403', '0395908', 'p', 'accord', 'honda');
insert into vehicle (plates, year, eng_no, ch_no, type, model, make) values ('BYN476', 1998, '811881259', '9847728', 'p', 'forester', 'subaru');
insert into vehicle (plates, year, eng_no, ch_no, type, model, make) values ('CUY677', 1994, '422208216', '3844179', 'r', 'corolla', 'toyota');
insert into vehicle (plates, year, eng_no, ch_no, type, model, make) values ('YIE078', 2002, '873813520', '3520636', 'p', 'forester', 'subaru');
insert into vehicle (plates, year, eng_no, ch_no, type, model, make) values ('DTX179', 2013, '520991885', '0554083', 'p', 'polo', 'VW');
insert into vehicle (plates, year, eng_no, ch_no, type, model, make) values ('CUK380', 2003, '294594990', '6540899', 'p', 'golf', 'VW');
insert into vehicle (plates, year, eng_no, ch_no, type, model, make) values ('TAY381', 1994, '937330303', '8265709', 'p', 'sonata', 'hyundai');
insert into vehicle (plates, year, eng_no, ch_no, type, model, make) values ('IBY382', 2001, '631697844', '4624400', 'r', 'corolla', 'toyota');
insert into vehicle (plates, year, eng_no, ch_no, type, model, make) values ('VDS183', 1987, '412123040', '8875422', 'p', 'cerato', 'kia');
insert into vehicle (plates, year, eng_no, ch_no, type, model, make) values ('RAS384', 1997, '083409700', '2665385', 'p', 'impreza', 'subaru');
insert into vehicle (plates, year, eng_no, ch_no, type, model, make) values ('SDQ485', 2013, '300957451', '6507619', 'p', 'swift', 'suzuki');
insert into vehicle (plates, year, eng_no, ch_no, type, model, make) values ('YZI986', 1987, '196019637', '2417719', 'p', 'swift', 'suzuki');
insert into vehicle (plates, year, eng_no, ch_no, type, model, make) values ('TFL487', 1992, '558719163', '7647596', 'p', 'outlander', 'mitsubishi');
insert into vehicle (plates, year, eng_no, ch_no, type, model, make) values ('JGR388', 2010, '354321623', '2249913', 'p', 'outlander', 'mitsubishi');
insert into vehicle (plates, year, eng_no, ch_no, type, model, make) values ('CLB989', 2009, '470248627', '6459811', 'p', 'accord', 'honda');
insert into vehicle (plates, year, eng_no, ch_no, type, model, make) values ('JAV590', 2003, '285042126', '8825687', 't', 'golf', 'VW');
insert into vehicle (plates, year, eng_no, ch_no, type, model, make) values ('LES291', 1994, '340149789', '2646932', 'p', 'CX-5', 'mazda');
insert into vehicle (plates, year, eng_no, ch_no, type, model, make) values ('NOM292', 1999, '159068734', '3550299', 'p', 'accent', 'hyundai');
insert into vehicle (plates, year, eng_no, ch_no, type, model, make) values ('EGI093', 2007, '790188471', '3027463', 'p', 'swift', 'suzuki');
insert into vehicle (plates, year, eng_no, ch_no, type, model, make) values ('RPZ694', 2001, '582949281', '6376895', 'p', 'premacy', 'mazda');
insert into vehicle (plates, year, eng_no, ch_no, type, model, make) values ('MNW195', 1995, '266186464', '8579960', 'p', 'insight', 'honda');
insert into vehicle (plates, year, eng_no, ch_no, type, model, make) values ('TYV396', 1991, '519342737', '7938399', 'p', 'caldina', 'toyota');
insert into vehicle (plates, year, eng_no, ch_no, type, model, make) values ('PFQ597', 1988, '061243541', '1352719', 'p', 'caldina', 'toyota');
insert into vehicle (plates, year, eng_no, ch_no, type, model, make) values ('RIU098', 1987, '666254924', '2449067', 't', 'ecosport', 'ford');
insert into vehicle (plates, year, eng_no, ch_no, type, model, make) values ('NGE699', 2000, '164945117', '9358979', 'p', 'polo', 'VW');
insert into vehicle (plates, year, eng_no, ch_no, type, model, make) values ('CAK100', 2008, '713053377', '9769715', 'p', 'demio', 'mazda');
insert into vehicle (plates, year, eng_no, ch_no, type, model, make) values ('DGR101', 1999, '686281425', '4834356', 'p', 'demio', 'mazda');
insert into vehicle (plates, year, eng_no, ch_no, type, model, make) values ('VSH102', 2004, '183433925', '8582965', 'p', 'golf', 'VW');
insert into vehicle (plates, year, eng_no, ch_no, type, model, make) values ('FLV103', 2009, '084169188', '1828679', 't', 'forester', 'subaru');
insert into vehicle (plates, year, eng_no, ch_no, type, model, make) values ('VUS104', 2001, '367570976', '3603849', 'p', 'forester', 'subaru');
insert into vehicle (plates, year, eng_no, ch_no, type, model, make) values ('CBK105', 2003, '931484964', '1648357', 'p', 'outlander', 'mitsubishi');
insert into vehicle (plates, year, eng_no, ch_no, type, model, make) values ('KRC106', 1986, '802656191', '8536136', 'p', 'golf', 'VW');
insert into vehicle (plates, year, eng_no, ch_no, type, model, make) values ('EGY107', 2005, '272462825', '0715728', 'p', 'barina', 'holden');
insert into vehicle (plates, year, eng_no, ch_no, type, model, make) values ('ATN108', 2002, '932786390', '9437294', 'p', 'juke', 'nissan');
insert into vehicle (plates, year, eng_no, ch_no, type, model, make) values ('NJH109', 2001, '971813722', '0802019', 'p', 'dualis', 'nissan');
insert into vehicle (plates, year, eng_no, ch_no, type, model, make) values ('SQP110', 2005, '275722028', '4420707', 'p', 'polo', 'VW');
insert into vehicle (plates, year, eng_no, ch_no, type, model, make) values ('MLA111', 1992, '745158688', '5461649', 'p', 'cerato', 'kia');
insert into vehicle (plates, year, eng_no, ch_no, type, model, make) values ('KVF112', 2013, '081131479', '5924662', 't', '121', 'mazda');
insert into vehicle (plates, year, eng_no, ch_no, type, model, make) values ('JHW113', 2013, '165668926', '7057229', 't', 'rav4', 'toyota');
insert into vehicle (plates, year, eng_no, ch_no, type, model, make) values ('JOQ114', 1988, '477993198', '7076069', 'p', 'sonata', 'hyundai');
insert into vehicle (plates, year, eng_no, ch_no, type, model, make) values ('SNJ115', 1989, '325746623', '6827129', 'p', 'juke', 'nissan');
insert into vehicle (plates, year, eng_no, ch_no, type, model, make) values ('WGJ116', 1995, '681939206', '1639206', 'r', 'swift', 'suzuki');
insert into vehicle (plates, year, eng_no, ch_no, type, model, make) values ('DBJ117', 2002, '659587889', '6142803', 'p', 'ecosport', 'ford');
insert into vehicle (plates, year, eng_no, ch_no, type, model, make) values ('HLB118', 2006, '990153321', '0384350', 'p', 'swift', 'suzuki');
insert into vehicle (plates, year, eng_no, ch_no, type, model, make) values ('GLZ119', 2005, '503882413', '3992154', 'p', 'polo', 'VW');
insert into vehicle (plates, year, eng_no, ch_no, type, model, make) values ('HBY120', 2013, '491893407', '9649854', 'p', 'polo', 'VW');
insert into vehicle (plates, year, eng_no, ch_no, type, model, make) values ('BYH121', 2008, '951256149', '5854110', 'p', 'atenza', 'mazda');
insert into vehicle (plates, year, eng_no, ch_no, type, model, make) values ('UXB122', 1998, '717393759', '4147036', 'p', 'atenza', 'mazda');
insert into vehicle (plates, year, eng_no, ch_no, type, model, make) values ('EDP123', 1994, '045819122', '5059832', 'p', 'blade', 'toyota');
insert into vehicle (plates, year, eng_no, ch_no, type, model, make) values ('BMJ124', 1992, '056689087', '6509925', 'p', 'juke', 'nissan');
insert into vehicle (plates, year, eng_no, ch_no, type, model, make) values ('NZI125', 2001, '794683378', '8699065', 't', 'charade', 'daihatsu');
insert into vehicle (plates, year, eng_no, ch_no, type, model, make) values ('GZP126', 2003, '112010156', '7713916', 'p', 'accent', 'hyundai');
insert into vehicle (plates, year, eng_no, ch_no, type, model, make) values ('KOF127', 2002, '996506605', '2851719', 'p', 'juke', 'nissan');
insert into vehicle (plates, year, eng_no, ch_no, type, model, make) values ('FDO128', 1993, '246181485', '8923625', 'p', 'ecosport', 'ford');
insert into vehicle (plates, year, eng_no, ch_no, type, model, make) values ('RMF129', 1996, '319748258', '2850134', 'p', 'juke', 'nissan');
insert into vehicle (plates, year, eng_no, ch_no, type, model, make) values ('CQM130', 2015, '161515155', '1643872', 'p', 'caldina', 'toyota');
insert into vehicle (plates, year, eng_no, ch_no, type, model, make) values ('VKF131', 1985, '356432996', '1239720', 't', 'impreza', 'subaru');
insert into vehicle (plates, year, eng_no, ch_no, type, model, make) values ('KVQ132', 2011, '476172603', '3758408', 'r', 'telstar', 'ford');
insert into vehicle (plates, year, eng_no, ch_no, type, model, make) values ('LQP133', 2014, '560823904', '3338352', 'p', 'swift', 'suzuki');
insert into vehicle (plates, year, eng_no, ch_no, type, model, make) values ('PGE134', 1993, '046765178', '9314965', 'p', 'accent', 'hyundai');
insert into vehicle (plates, year, eng_no, ch_no, type, model, make) values ('HKR135', 2002, '605007556', '0662160', 'p', 'cerato', 'kia');
insert into vehicle (plates, year, eng_no, ch_no, type, model, make) values ('ZJV136', 2008, '038776980', '5049494', 'p', 'swift', 'suzuki');
insert into vehicle (plates, year, eng_no, ch_no, type, model, make) values ('ESP137', 2009, '098157503', '1228953', 'p', 'golf', 'VW');
insert into vehicle (plates, year, eng_no, ch_no, type, model, make) values ('YTZ138', 2008, '399235951', '9674042', 'p', 'imax', 'hyundai');
insert into vehicle (plates, year, eng_no, ch_no, type, model, make) values ('QVP139', 2001, '149893340', '8616330', 'p', 'corolla', 'toyota');
insert into vehicle (plates, year, eng_no, ch_no, type, model, make) values ('XAC140', 2007, '428465061', '6810932', 'p', 'civic', 'honda');
insert into vehicle (plates, year, eng_no, ch_no, type, model, make) values ('HCU141', 1985, '503859061', '4430543', 'p', 'rav4', 'toyota');
insert into vehicle (plates, year, eng_no, ch_no, type, model, make) values ('LJP142', 2010, '346725777', '5617010', 'p', 'corolla', 'toyota');
insert into vehicle (plates, year, eng_no, ch_no, type, model, make) values ('ICF143', 2013, '499969252', '5677864', 'p', 'outlander', 'mitsubishi');
insert into vehicle (plates, year, eng_no, ch_no, type, model, make) values ('OCW144', 2002, '919965004', '0264222', 'p', 'CR-V', 'honda');
insert into vehicle (plates, year, eng_no, ch_no, type, model, make) values ('YVS145', 1991, '124598001', '3677654', 'p', 'accent', 'hyundai');
insert into vehicle (plates, year, eng_no, ch_no, type, model, make) values ('IEL146', 1991, '445484063', '1480027', 'p', 'dualis', 'nissan');
insert into vehicle (plates, year, eng_no, ch_no, type, model, make) values ('OGQ147', 1999, '971957386', '8399529', 't', 'outlander', 'mitsubishi');
insert into vehicle (plates, year, eng_no, ch_no, type, model, make) values ('FXP148', 1989, '262926977', '0295053', 'p', 'juke', 'nissan');
insert into vehicle (plates, year, eng_no, ch_no, type, model, make) values ('GTS149', 1985, '065818090', '3591570', 'p', 'ecosport', 'ford');
insert into vehicle (plates, year, eng_no, ch_no, type, model, make) values ('KLC150', 1992, '154217036', '2456300', 'p', 'corolla', 'toyota');
insert into vehicle (plates, year, eng_no, ch_no, type, model, make) values ('GNL151', 2001, '056820478', '4041498', 't', 'polo', 'VW');
insert into vehicle (plates, year, eng_no, ch_no, type, model, make) values ('HLP152', 2003, '687205464', '7325205', 't', 'rav4', 'toyota');
insert into vehicle (plates, year, eng_no, ch_no, type, model, make) values ('AWM153', 1987, '220054501', '7768319', 'p', 'accord', 'honda');
insert into vehicle (plates, year, eng_no, ch_no, type, model, make) values ('QTX154', 2012, '698746376', '0155027', 'p', 'outlander', 'mitsubishi');
insert into vehicle (plates, year, eng_no, ch_no, type, model, make) values ('ERV155', 2003, '197764903', '0602903', 'p', 'cerato', 'kia');
insert into vehicle (plates, year, eng_no, ch_no, type, model, make) values ('JOW156', 2007, '502177605', '2186126', 'p', 'CR-V', 'honda');
insert into vehicle (plates, year, eng_no, ch_no, type, model, make) values ('HMS157', 2007, '309489552', '2949091', 'p', 'golf', 'VW');
insert into vehicle (plates, year, eng_no, ch_no, type, model, make) values ('FYA158', 2013, '759037343', '4290046', 'p', 'golf', 'VW');
insert into vehicle (plates, year, eng_no, ch_no, type, model, make) values ('MNX159', 1995, '019602883', '1379117', 'p', 'jazz', 'honda');
insert into vehicle (plates, year, eng_no, ch_no, type, model, make) values ('BKX160', 1997, '637658552', '0658586', 'p', 'jazz', 'honda');
insert into vehicle (plates, year, eng_no, ch_no, type, model, make) values ('YOH161', 2002, '430406308', '2619608', 'p', 'juke', 'nissan');
insert into vehicle (plates, year, eng_no, ch_no, type, model, make) values ('CTF162', 2003, '407142875', '0970785', 'p', 'barina', 'holden');
insert into vehicle (plates, year, eng_no, ch_no, type, model, make) values ('CTP163', 2006, '452990568', '6890438', 'p', 'swift', 'suzuki');
insert into vehicle (plates, year, eng_no, ch_no, type, model, make) values ('IWR164', 1988, '222039081', '7466267', 'p', 'rav4', 'toyota');
insert into vehicle (plates, year, eng_no, ch_no, type, model, make) values ('FMV165', 1990, '971972411', '0459549', 'r', 'insight', 'honda');
insert into vehicle (plates, year, eng_no, ch_no, type, model, make) values ('FQV166', 1985, '117209381', '6970613', 'p', 'CX-5', 'mazda');
insert into vehicle (plates, year, eng_no, ch_no, type, model, make) values ('NSZ167', 1990, '742364302', '9993997', 'r', 'outlander', 'mitsubishi');
insert into vehicle (plates, year, eng_no, ch_no, type, model, make) values ('GAH168', 2012, '032120342', '8802097', 'p', 'CR-V', 'honda');
insert into vehicle (plates, year, eng_no, ch_no, type, model, make) values ('BVF169', 1989, '580946097', '2531455', 'p', 'rav4', 'toyota');
insert into vehicle (plates, year, eng_no, ch_no, type, model, make) values ('QBY170', 2000, '754747621', '4443385', 'p', 'forester', 'subaru');
insert into vehicle (plates, year, eng_no, ch_no, type, model, make) values ('NPC171', 1987, '950648435', '9638658', 'p', 'CX-5', 'mazda');
insert into vehicle (plates, year, eng_no, ch_no, type, model, make) values ('CSN172', 2013, '979129662', '9365723', 'r', 'ecosport', 'ford');
insert into vehicle (plates, year, eng_no, ch_no, type, model, make) values ('UOV173', 1990, '952254617', '3563173', 'p', 'polo', 'VW');
insert into vehicle (plates, year, eng_no, ch_no, type, model, make) values ('CFG174', 1998, '221554928', '6932381', 'p', 'forester', 'subaru');
insert into vehicle (plates, year, eng_no, ch_no, type, model, make) values ('CGI175', 1991, '764090776', '1745442', 'p', 'CR-V', 'honda');
insert into vehicle (plates, year, eng_no, ch_no, type, model, make) values ('KES176', 2007, '516746115', '7828471', 'r', 'outlander', 'mitsubishi');
insert into vehicle (plates, year, eng_no, ch_no, type, model, make) values ('MFC177', 1988, '526254034', '4710698', 'p', 'jazz', 'honda');
insert into vehicle (plates, year, eng_no, ch_no, type, model, make) values ('QTY178', 2004, '320667353', '9457084', 't', 'accent', 'hyundai');
insert into vehicle (plates, year, eng_no, ch_no, type, model, make) values ('PIH179', 2011, '513404964', '1953785', 'p', 'swift', 'suzuki');
insert into vehicle (plates, year, eng_no, ch_no, type, model, make) values ('MIC180', 2010, '369492431', '3996472', 'p', 'CR-V', 'honda');
insert into vehicle (plates, year, eng_no, ch_no, type, model, make) values ('LFM181', 2009, '299968169', '0183439', 'p', 'CR-V', 'honda');
insert into vehicle (plates, year, eng_no, ch_no, type, model, make) values ('VBE182', 1992, '192870804', '9522490', 't', 'CX-5', 'mazda');
insert into vehicle (plates, year, eng_no, ch_no, type, model, make) values ('DQT183', 1992, '927427507', '5947860', 'p', 'dualis', 'nissan');
insert into vehicle (plates, year, eng_no, ch_no, type, model, make) values ('STD184', 1985, '805333392', '9253968', 'r', 'golf', 'VW');
insert into vehicle (plates, year, eng_no, ch_no, type, model, make) values ('HNJ185', 1986, '763999270', '8251029', 'p', 'caldina', 'toyota');
insert into vehicle (plates, year, eng_no, ch_no, type, model, make) values ('MTS186', 2007, '894904552', '2085100', 'p', 'swift', 'suzuki');
insert into vehicle (plates, year, eng_no, ch_no, type, model, make) values ('ATL187', 2011, '996219051', '5680583', 'p', 'premacy', 'mazda');
insert into vehicle (plates, year, eng_no, ch_no, type, model, make) values ('QSR188', 1988, '579156453', '6946367', 'r', 'golf', 'VW');
insert into vehicle (plates, year, eng_no, ch_no, type, model, make) values ('HIT189', 2007, '675872220', '3883079', 'p', 'juke', 'nissan');
insert into vehicle (plates, year, eng_no, ch_no, type, model, make) values ('EOD190', 2005, '842501130', '7011563', 'p', 'atenza', 'mazda');
insert into vehicle (plates, year, eng_no, ch_no, type, model, make) values ('SWH191', 1992, '114394876', '0327203', 'p', 'outlander', 'mitsubishi');
insert into vehicle (plates, year, eng_no, ch_no, type, model, make) values ('UXM192', 1997, '848491826', '5657564', 'p', 'CX-5', 'mazda');
insert into vehicle (plates, year, eng_no, ch_no, type, model, make) values ('RTQ193', 1986, '094692545', '1627706', 'p', 'forester', 'subaru');
insert into vehicle (plates, year, eng_no, ch_no, type, model, make) values ('LUM194', 2012, '717660252', '5459305', 'r', 'polo', 'VW');
insert into vehicle (plates, year, eng_no, ch_no, type, model, make) values ('MBU195', 2011, '588340376', '9804648', 'p', 'rav4', 'toyota');
insert into vehicle (plates, year, eng_no, ch_no, type, model, make) values ('NGT196', 2002, '179239774', '9422077', 't', 'blade', 'toyota');
insert into vehicle (plates, year, eng_no, ch_no, type, model, make) values ('BNO197', 2014, '753709365', '4196835', 'p', 'civic', 'honda');
insert into vehicle (plates, year, eng_no, ch_no, type, model, make) values ('LRJ198', 1985, '062807805', '5556636', 't', 'corolla', 'toyota');
insert into vehicle (plates, year, eng_no, ch_no, type, model, make) values ('SAM199', 1986, '224131368', '6983040', 'p', 'CX-5', 'mazda');
insert into vehicle (plates, year, eng_no, ch_no, type, model, make) values ('MIT200', 2002, '612129272', '1824573', 'p', 'impreza', 'subaru');

/* Inserts for the Owns table */
insert into owns values('QJD123','BA789256','15-mar-2003',20,'15-jul-2011');
insert into owns values('JS2938','HD293847','02-mar-75',100,'15-apr-2003');
insert into owns values('JJ3847','HD543235','17-may-85',1573,'17-may-97');
insert into owns values('OZ8347','FF849583','15-sep-91',294,null);
insert into owns values('PP3958','HA385767','08-aug-95',903,'19-sep-2009');
insert into owns values('PA9485','UJ203954','31-mar-96',45,'13-mar-99');
insert into owns values('TX9283','HD543235','14-nov-95',28721,'15-feb-2003');
insert into owns values('TX9283','HD293847','15-feb-2003',92870,null);
insert into owns values('PA9485','GG847264','13-mar-99',11920,'27-nov-2006');
insert into owns values('JJ3847','HA928375','17-may-97',45736,'27-aug-2008');
insert into owns values('JS2938','IA192837','15-apr-2003',55612,null);
insert into owns values('JJ3847','BA789256','27-aug-2008',155736,null);
insert into owns values('PP3958','FF849583','19-sep-2009',195503,null);
insert into owns values('QJD123','HD543235','15-jul-2011',65499,null);
insert into owns values('PA9485','IA192837','27-nov-2006',12920,null);
insert into owns values('DBA256','GR153856','14-aug-2017',31350,null);
insert into owns values('JAL264','DB125699','5-mar-2019',2018,null);
insert into owns values('GRW858','JA264818','27-feb-2018',81456,null);
insert into owns (plates, ownerid, purchase_date, drr, datesold) values ('ALR346', 'FP522120', '5-Jan-99', 161599, '2-Mar-16');
insert into owns (plates, ownerid, purchase_date, drr, datesold) values ('ALR346', 'RS174887', '28-Apr-18', 170016, '18-May-18');
insert into owns (plates, ownerid, purchase_date, drr, datesold) values ('ATL187', 'MS113504', '27-Nov-11', 123297, null);
insert into owns (plates, ownerid, purchase_date, drr, datesold) values ('AWM153', 'IE259962', '11-Nov-92', 138413, '11-Nov-94');
insert into owns (plates, ownerid, purchase_date, drr, datesold) values ('BKX160', 'CN625678', '23-Feb-16', 12961, '27-Jul-16');
insert into owns (plates, ownerid, purchase_date, drr, datesold) values ('BKX160', 'JD324141', '24-Jan-18', 230843, '9-Mar-19');
insert into owns (plates, ownerid, purchase_date, drr, datesold) values ('BMJ124', 'WU063717', '17-Nov-16', 148843, null);
insert into owns (plates, ownerid, purchase_date, drr, datesold) values ('BVF169', 'BJ449913', '6-Oct-11', 238444, null);
insert into owns (plates, ownerid, purchase_date, drr, datesold) values ('BYH121', 'KG190443', '18-Sep-08', 233085, '24-Sep-09');
insert into owns (plates, ownerid, purchase_date, drr, datesold) values ('BYH121', 'SN427116', '13-May-12', 249699, '28-Jan-18');
insert into owns (plates, ownerid, purchase_date, drr, datesold) values ('BYH121', 'XU920884', '13-May-19', 249832, null);
insert into owns (plates, ownerid, purchase_date, drr, datesold) values ('BYN476', 'CB409209', '2-Apr-06', 222125, '31-May-10');
insert into owns (plates, ownerid, purchase_date, drr, datesold) values ('CBK105', 'BU688013', '16-Dec-08', 103749, '16-Jan-18');
insert into owns (plates, ownerid, purchase_date, drr, datesold) values ('CBK105', 'DY274138', '22-Apr-18', 167504, '12-Sep-20');
insert into owns (plates, ownerid, purchase_date, drr, datesold) values ('CBK105', 'NZ735728', '15-Oct-20', 219625, '15-Oct-20');
insert into owns (plates, ownerid, purchase_date, drr, datesold) values ('CBK105', 'UT263750', '24-Oct-20', 231527, '25-Oct-20');
insert into owns (plates, ownerid, purchase_date, drr, datesold) values ('CGI175', 'ST909688', '26-Feb-99', 202509, null);
insert into owns (plates, ownerid, purchase_date, drr, datesold) values ('CHU550', 'XL937210', '13-Jul-14', 201044, '20-Jul-15');
insert into owns (plates, ownerid, purchase_date, drr, datesold) values ('CKP923', 'ET980228', '10-Dec-99', 65677, '5-Jul-20');
insert into owns (plates, ownerid, purchase_date, drr, datesold) values ('CKP923', 'LB217934', '22-Jul-20', 215168, '27-Oct-20');
insert into owns (plates, ownerid, purchase_date, drr, datesold) values ('CNX057', 'EW406379', '27-Feb-12', 122612, '22-Mar-19');
insert into owns (plates, ownerid, purchase_date, drr, datesold) values ('CNX057', 'LP567557', '23-Sep-20', 246837, null);
insert into owns (plates, ownerid, purchase_date, drr, datesold) values ('CQM130', 'BD404873', '20-Apr-19', 1739, '24-Apr-19');
insert into owns (plates, ownerid, purchase_date, drr, datesold) values ('CQM130', 'VN511893', '3-Apr-20', 222589, null);
insert into owns (plates, ownerid, purchase_date, drr, datesold) values ('CSU865', 'CB409209', '16-Sep-18', 35148, '5-Jul-19');
insert into owns (plates, ownerid, purchase_date, drr, datesold) values ('CSU865', 'CY667847', '1-Feb-20', 179469, '3-Oct-20');
insert into owns (plates, ownerid, purchase_date, drr, datesold) values ('CSU865', 'DV410203', '5-Oct-20', 239320, '29-Oct-20');
insert into owns (plates, ownerid, purchase_date, drr, datesold) values ('CSU865', 'SN098017', '29-Oct-20', 246581, '31-Oct-20');
insert into owns (plates, ownerid, purchase_date, drr, datesold) values ('CSU865', 'WL726443', '31-Oct-20', 248208, '31-Oct-20');
insert into owns (plates, ownerid, purchase_date, drr, datesold) values ('CTF162', 'GP016649', '14-Oct-12', 125444, '4-Aug-17');
insert into owns (plates, ownerid, purchase_date, drr, datesold) values ('CTP163', 'UT263750', '21-Jan-10', 87817, '27-Jan-20');
insert into owns (plates, ownerid, purchase_date, drr, datesold) values ('CTP163', 'XE912993', '26-Jun-20', 216791, null);
insert into owns (plates, ownerid, purchase_date, drr, datesold) values ('CUK380', 'VY060515', '20-Apr-14', 189826, null);
insert into owns (plates, ownerid, purchase_date, drr, datesold) values ('CUY677', 'EY199816', '5-Jun-95', 207932, '9-Jul-17');
insert into owns (plates, ownerid, purchase_date, drr, datesold) values ('CUY677', 'FY757243', '7-Sep-19', 239160, null);
insert into owns (plates, ownerid, purchase_date, drr, datesold) values ('DBJ117', 'XZ791693', '3-Nov-08', 236583, '11-Feb-12');
insert into owns (plates, ownerid, purchase_date, drr, datesold) values ('DBP539', 'FA620700', '5-Sep-98', 29467, '22-Oct-19');
insert into owns (plates, ownerid, purchase_date, drr, datesold) values ('DGR101', 'UZ412856', '4-Jan-00', 222406, '5-Sep-11');
insert into owns (plates, ownerid, purchase_date, drr, datesold) values ('DLK337', 'XT096478', '12-May-10', 133224, '14-Jun-17');
insert into owns (plates, ownerid, purchase_date, drr, datesold) values ('DNI813', 'KO536441', '20-Oct-13', 230878, '13-Nov-16');
insert into owns (plates, ownerid, purchase_date, drr, datesold) values ('DNI813', 'WL475216', '11-May-17', 245287, '23-May-17');
insert into owns (plates, ownerid, purchase_date, drr, datesold) values ('DQT183', 'WL475216', '20-Nov-00', 201795, '20-Jun-08');
insert into owns (plates, ownerid, purchase_date, drr, datesold) values ('DSL617', 'DV410203', '27-Jun-19', 36699, '6-Jan-20');
insert into owns (plates, ownerid, purchase_date, drr, datesold) values ('DSL617', 'FY757243', '11-Mar-20', 123486, null);
insert into owns (plates, ownerid, purchase_date, drr, datesold) values ('EDP123', 'SN427116', '14-Jul-96', 170775, null);
insert into owns (plates, ownerid, purchase_date, drr, datesold) values ('EGY107', 'YA897567', '14-Jul-11', 205629, '18-May-15');
insert into owns (plates, ownerid, purchase_date, drr, datesold) values ('EJT910', 'XF278063', '29-May-16', 30410, '13-Dec-16');
insert into owns (plates, ownerid, purchase_date, drr, datesold) values ('EKC111', 'FP522120', '18-Apr-16', 126186, null);
insert into owns (plates, ownerid, purchase_date, drr, datesold) values ('EKR748', 'BD404873', '21-May-05', 205125, '29-Nov-18');
insert into owns (plates, ownerid, purchase_date, drr, datesold) values ('EOD190', 'AY890753', '19-Aug-14', 216826, '15-Sep-19');
insert into owns (plates, ownerid, purchase_date, drr, datesold) values ('EOD190', 'LO272167', '5-Apr-20', 244106, '19-May-20');
insert into owns (plates, ownerid, purchase_date, drr, datesold) values ('EOD190', 'UZ412856', '19-Jun-20', 248845, '24-Sep-20');
insert into owns (plates, ownerid, purchase_date, drr, datesold) values ('EQV875', 'ET980228', '20-Mar-18', 124766, '18-Mar-19');
insert into owns (plates, ownerid, purchase_date, drr, datesold) values ('ERV155', 'AR568163', '16-Nov-04', 186263, '1-Nov-10');
insert into owns (plates, ownerid, purchase_date, drr, datesold) values ('ERV155', 'VJ600542', '29-Jan-20', 202247, '15-Oct-20');
insert into owns (plates, ownerid, purchase_date, drr, datesold) values ('ERV918', 'JL684224', '22-Feb-04', 80587, '23-Aug-10');
insert into owns (plates, ownerid, purchase_date, drr, datesold) values ('ERV918', 'KK216100', '16-Jun-16', 242663, '22-May-17');
insert into owns (plates, ownerid, purchase_date, drr, datesold) values ('ERV918', 'YA897567', '17-Nov-18', 243341, '21-Feb-20');
insert into owns (plates, ownerid, purchase_date, drr, datesold) values ('ESP137', 'TT888606', '29-May-16', 89367, '20-Dec-16');
insert into owns (plates, ownerid, purchase_date, drr, datesold) values ('ESP137', 'VK102038', '11-Sep-20', 204599, null);
insert into owns (plates, ownerid, purchase_date, drr, datesold) values ('EXU273', 'HC067639', '1-May-06', 76929, '31-Jan-10');
insert into owns (plates, ownerid, purchase_date, drr, datesold) values ('EXU273', 'LP567557', '18-Feb-14', 158491, '2-Oct-20');
insert into owns (plates, ownerid, purchase_date, drr, datesold) values ('EXU273', 'WU063717', '18-Oct-20', 235302, null);
insert into owns (plates, ownerid, purchase_date, drr, datesold) values ('EZT731', 'EH170250', '15-Aug-06', 84884, '10-Dec-15');
insert into owns (plates, ownerid, purchase_date, drr, datesold) values ('EZT731', 'JB094142', '8-Feb-20', 144608, '26-Apr-20');
insert into owns (plates, ownerid, purchase_date, drr, datesold) values ('EZT731', 'YC336894', '23-May-20', 176432, null);
insert into owns (plates, ownerid, purchase_date, drr, datesold) values ('FDO128', 'QQ465633', '10-Aug-93', 161393, '4-Jan-00');
insert into owns (plates, ownerid, purchase_date, drr, datesold) values ('FLV103', 'JD324141', '26-Mar-10', 22903, '9-Oct-19');
insert into owns (plates, ownerid, purchase_date, drr, datesold) values ('FMV165', 'LB217934', '18-May-19', 215506, null);
insert into owns (plates, ownerid, purchase_date, drr, datesold) values ('FQV166', 'KB991500', '29-Jun-01', 109813, null);
insert into owns (plates, ownerid, purchase_date, drr, datesold) values ('FXP148', 'BD404873', '25-Jan-09', 203599, '10-Apr-14');
insert into owns (plates, ownerid, purchase_date, drr, datesold) values ('FXP148', 'CN625678', '1-Sep-18', 246283, null);
insert into owns (plates, ownerid, purchase_date, drr, datesold) values ('FYA158', 'HM095109', '26-Feb-13', 113048, '16-Nov-13');
insert into owns (plates, ownerid, purchase_date, drr, datesold) values ('FYA158', 'MD147493', '12-Mar-17', 179395, null);
insert into owns (plates, ownerid, purchase_date, drr, datesold) values ('GAH168', 'RQ624227', '8-Mar-12', 64158, '26-May-20');
insert into owns (plates, ownerid, purchase_date, drr, datesold) values ('GAH168', 'ZK430196', '17-Oct-20', 128850, null);
insert into owns (plates, ownerid, purchase_date, drr, datesold) values ('GLZ119', 'RS513711', '24-Jul-14', 37197, '23-Aug-14');
insert into owns (plates, ownerid, purchase_date, drr, datesold) values ('GLZ119', 'TU129708', '17-Aug-18', 99448, '21-Aug-20');
insert into owns (plates, ownerid, purchase_date, drr, datesold) values ('GNL151', 'UV464301', '28-Feb-18', 120002, null);
insert into owns (plates, ownerid, purchase_date, drr, datesold) values ('GPM997', 'CB878288', '12-Sep-18', 228240, '25-Oct-19');
insert into owns (plates, ownerid, purchase_date, drr, datesold) values ('GPM997', 'TS505239', '25-Jul-20', 249161, '27-Sep-20');
insert into owns (plates, ownerid, purchase_date, drr, datesold) values ('GTS149', 'EH170250', '24-Sep-09', 98640, '5-Nov-11');
insert into owns (plates, ownerid, purchase_date, drr, datesold) values ('GTS149', 'TT888606', '13-Oct-14', 217082, '21-Apr-20');
insert into owns (plates, ownerid, purchase_date, drr, datesold) values ('GTS149', 'WL726443', '31-May-20', 218307, null);
insert into owns (plates, ownerid, purchase_date, drr, datesold) values ('GTV045', 'EZ975484', '6-Mar-20', 19625, '13-Oct-20');
insert into owns (plates, ownerid, purchase_date, drr, datesold) values ('GTV045', 'GH172787', '23-Oct-20', 70540, '29-Oct-20');
insert into owns (plates, ownerid, purchase_date, drr, datesold) values ('GTV045', 'JK382446', '30-Oct-20', 190015, '30-Oct-20');
insert into owns (plates, ownerid, purchase_date, drr, datesold) values ('GZP126', 'JR810500', '28-Jan-18', 137675, null);
insert into owns (plates, ownerid, purchase_date, drr, datesold) values ('HCU141', 'UI474794', '28-Jun-95', 55952, '13-Mar-04');
insert into owns (plates, ownerid, purchase_date, drr, datesold) values ('HCU141', 'UZ412856', '25-Jun-11', 201466, '13-Nov-14');
insert into owns (plates, ownerid, purchase_date, drr, datesold) values ('HCU141', 'ZK430196', '26-Feb-18', 207392, '22-Aug-18');
insert into owns (plates, ownerid, purchase_date, drr, datesold) values ('HIT189', 'CP570861', '24-Apr-19', 70289, '27-May-19');
insert into owns (plates, ownerid, purchase_date, drr, datesold) values ('HIT189', 'HM095109', '23-May-20', 217362, '2-Jun-20');
insert into owns (plates, ownerid, purchase_date, drr, datesold) values ('HIT189', 'KK216100', '17-Jul-20', 249105, '13-Sep-20');
insert into owns (plates, ownerid, purchase_date, drr, datesold) values ('HIT189', 'LB217934', '23-Oct-20', 249387, null);
insert into owns (plates, ownerid, purchase_date, drr, datesold) values ('HJR940', 'CN625678', '9-May-05', 88853, '14-Dec-16');
insert into owns (plates, ownerid, purchase_date, drr, datesold) values ('HJR940', 'KD148575', '5-Aug-20', 118572, '2-Sep-20');
insert into owns (plates, ownerid, purchase_date, drr, datesold) values ('HJR940', 'KZ395939', '6-Oct-20', 136202, '11-Oct-20');
insert into owns (plates, ownerid, purchase_date, drr, datesold) values ('HJR940', 'LB217934', '15-Oct-20', 209460, '28-Oct-20');
insert into owns (plates, ownerid, purchase_date, drr, datesold) values ('HJR940', 'NZ735728', '30-Oct-20', 226219, '30-Oct-20');
insert into owns (plates, ownerid, purchase_date, drr, datesold) values ('HJR940', 'QQ465633', '31-Oct-20', 239469, '31-Oct-20');
insert into owns (plates, ownerid, purchase_date, drr, datesold) values ('HJR940', 'WL726443', '31-Oct-20', 243765, '31-Oct-20');
insert into owns (plates, ownerid, purchase_date, drr, datesold) values ('HKR135', 'MA441877', '30-Mar-08', 93422, '28-Aug-18');
insert into owns (plates, ownerid, purchase_date, drr, datesold) values ('HKR135', 'UW565000', '5-Nov-18', 126203, '5-Mar-19');
insert into owns (plates, ownerid, purchase_date, drr, datesold) values ('HKR135', 'VJ600542', '10-Mar-19', 213471, '29-Aug-20');
insert into owns (plates, ownerid, purchase_date, drr, datesold) values ('HLB118', 'KD148575', '15-Apr-20', 50364, '29-Sep-20');
insert into owns (plates, ownerid, purchase_date, drr, datesold) values ('HLB118', 'MD147493', '2-Oct-20', 140561, '19-Oct-20');
insert into owns (plates, ownerid, purchase_date, drr, datesold) values ('HLB118', 'TS505239', '22-Oct-20', 223459, '30-Oct-20');
insert into owns (plates, ownerid, purchase_date, drr, datesold) values ('HLB118', 'UW565000', '31-Oct-20', 234287, '31-Oct-20');
insert into owns (plates, ownerid, purchase_date, drr, datesold) values ('HLO006', 'DI944974', '13-Mar-07', 231053, '5-Jan-14');
insert into owns (plates, ownerid, purchase_date, drr, datesold) values ('HLO006', 'XF278063', '3-May-18', 236171, '8-Jun-18');
insert into owns (plates, ownerid, purchase_date, drr, datesold) values ('HLP152', 'DF022366', '18-Jul-13', 183918, '4-Jul-15');
insert into owns (plates, ownerid, purchase_date, drr, datesold) values ('HLP152', 'GY917221', '11-Nov-15', 205806, '8-Dec-16');
insert into owns (plates, ownerid, purchase_date, drr, datesold) values ('HLP152', 'ZB682399', '28-Nov-18', 219226, null);
insert into owns (plates, ownerid, purchase_date, drr, datesold) values ('HLZ220', 'JD324141', '5-Oct-06', 235800, '22-Nov-14');
insert into owns (plates, ownerid, purchase_date, drr, datesold) values ('HMS157', 'XL937210', '6-Nov-16', 153015, null);
insert into owns (plates, ownerid, purchase_date, drr, datesold) values ('HNJ185', 'ET069090', '1-Oct-19', 108375, '2-Aug-20');
insert into owns (plates, ownerid, purchase_date, drr, datesold) values ('HNJ185', 'TT888606', '10-Aug-20', 174553, '31-Oct-20');
insert into owns (plates, ownerid, purchase_date, drr, datesold) values ('HSM521', 'ML647895', '6-Jun-20', 125059, '13-Sep-20');
insert into owns (plates, ownerid, purchase_date, drr, datesold) values ('HSM521', 'TP468161', '11-Oct-20', 216796, '23-Oct-20');
insert into owns (plates, ownerid, purchase_date, drr, datesold) values ('HVW172', 'KZ744486', '2-Aug-15', 130280, '30-Jan-19');
insert into owns (plates, ownerid, purchase_date, drr, datesold) values ('HVW172', 'YC336894', '10-Dec-19', 234353, '27-Oct-20');
insert into owns (plates, ownerid, purchase_date, drr, datesold) values ('HXL953', 'MK276072', '9-May-02', 183684, '13-May-20');
insert into owns (plates, ownerid, purchase_date, drr, datesold) values ('HXL953', 'NC640132', '11-Sep-20', 208083, '26-Oct-20');
insert into owns (plates, ownerid, purchase_date, drr, datesold) values ('IBY128', 'LU533918', '14-Feb-18', 128420, '9-Jan-19');
insert into owns (plates, ownerid, purchase_date, drr, datesold) values ('IBY128', 'TS279177', '26-Mar-20', 241979, '12-Sep-20');
insert into owns (plates, ownerid, purchase_date, drr, datesold) values ('IBY382', 'CB878288', '6-Dec-03', 209964, '10-Jun-07');
insert into owns (plates, ownerid, purchase_date, drr, datesold) values ('IBY382', 'MD147493', '7-Jul-20', 238862, '4-Oct-20');
insert into owns (plates, ownerid, purchase_date, drr, datesold) values ('IBY382', 'VY060515', '21-Oct-20', 242496, null);
insert into owns (plates, ownerid, purchase_date, drr, datesold) values ('ICF143', 'IT557554', '22-Aug-19', 98910, null);
insert into owns (plates, ownerid, purchase_date, drr, datesold) values ('IDY226', 'EZ975484', '14-Aug-07', 200096, '11-Apr-15');
insert into owns (plates, ownerid, purchase_date, drr, datesold) values ('IDY226', 'LM941333', '8-Oct-15', 224533, '23-Jul-18');
insert into owns (plates, ownerid, purchase_date, drr, datesold) values ('IDY226', 'UT263750', '11-Nov-18', 242217, '16-Jul-19');
insert into owns (plates, ownerid, purchase_date, drr, datesold) values ('IEL146', 'CG959314', '15-Apr-20', 129993, '8-Oct-20');
insert into owns (plates, ownerid, purchase_date, drr, datesold) values ('IQC163', 'HM095109', '15-Apr-07', 98610, '18-Jun-15');
insert into owns (plates, ownerid, purchase_date, drr, datesold) values ('IQC163', 'WQ196461', '16-Jul-20', 134272, '23-Jul-20');
insert into owns (plates, ownerid, purchase_date, drr, datesold) values ('IWR164', 'JP711565', '19-Apr-93', 5229, '25-Nov-16');
insert into owns (plates, ownerid, purchase_date, drr, datesold) values ('IWR164', 'PK432516', '11-Jul-17', 45582, '25-Jan-19');
insert into owns (plates, ownerid, purchase_date, drr, datesold) values ('IWR164', 'TS699612', '7-Jul-19', 95951, null);
insert into owns (plates, ownerid, purchase_date, drr, datesold) values ('JAV590', 'HZ661553', '18-Nov-16', 93640, '8-Jun-20');
insert into owns (plates, ownerid, purchase_date, drr, datesold) values ('JGR388', 'KG190443', '10-Jan-11', 67829, '18-Jan-18');
insert into owns (plates, ownerid, purchase_date, drr, datesold) values ('JGR388', 'XU920884', '1-Sep-19', 196308, '19-Jan-20');
insert into owns (plates, ownerid, purchase_date, drr, datesold) values ('JHW113', 'GV672691', '13-Jan-20', 63489, '17-Sep-20');
insert into owns (plates, ownerid, purchase_date, drr, datesold) values ('JHW113', 'XU920884', '5-Oct-20', 78159, null);
insert into owns (plates, ownerid, purchase_date, drr, datesold) values ('JPZ553', 'RC629714', '24-Jun-90', 140525, null);
insert into owns (plates, ownerid, purchase_date, drr, datesold) values ('JSK555', 'KZ395939', '4-Sep-00', 3607, '1-Mar-18');
insert into owns (plates, ownerid, purchase_date, drr, datesold) values ('JSK555', 'NC640132', '17-May-18', 36685, '18-Mar-19');
insert into owns (plates, ownerid, purchase_date, drr, datesold) values ('JWG061', 'JW387733', '22-Mar-19', 15479, '11-Jul-19');
insert into owns (plates, ownerid, purchase_date, drr, datesold) values ('JWG061', 'UW382014', '14-Jan-20', 127609, null);
insert into owns (plates, ownerid, purchase_date, drr, datesold) values ('KAC756', 'AY890753', '14-Mar-19', 107528, '3-Apr-19');
insert into owns (plates, ownerid, purchase_date, drr, datesold) values ('KAC756', 'ZF755519', '31-Dec-19', 185779, null);
insert into owns (plates, ownerid, purchase_date, drr, datesold) values ('KES176', 'PF412411', '16-Jun-16', 123276, '17-Mar-20');
insert into owns (plates, ownerid, purchase_date, drr, datesold) values ('KOF127', 'FA591759', '25-Aug-09', 167029, '5-Dec-13');
insert into owns (plates, ownerid, purchase_date, drr, datesold) values ('KOF127', 'LM941333', '22-Dec-16', 238441, '5-Mar-18');
insert into owns (plates, ownerid, purchase_date, drr, datesold) values ('KOF127', 'UI474794', '21-Jan-20', 241505, null);
insert into owns (plates, ownerid, purchase_date, drr, datesold) values ('KRC106', 'TP468161', '24-Jan-13', 208884, '20-Feb-20');
insert into owns (plates, ownerid, purchase_date, drr, datesold) values ('KRC106', 'XL937210', '2-Aug-20', 214821, '5-Aug-20');
insert into owns (plates, ownerid, purchase_date, drr, datesold) values ('KRD264', 'TP468161', '28-Jul-93', 18585, '31-May-07');
insert into owns (plates, ownerid, purchase_date, drr, datesold) values ('KRD264', 'VK102038', '13-Jun-07', 141763, '26-Dec-19');
insert into owns (plates, ownerid, purchase_date, drr, datesold) values ('KRD264', 'VY060515', '12-Jan-20', 143096, null);
insert into owns (plates, ownerid, purchase_date, drr, datesold) values ('KVQ132', 'LM941333', '25-Oct-20', 107196, '27-Oct-20');
insert into owns (plates, ownerid, purchase_date, drr, datesold) values ('KVQ132', 'SF439861', '31-Oct-20', 116545, '31-Oct-20');
insert into owns (plates, ownerid, purchase_date, drr, datesold) values ('KVQ132', 'ZW929419', '31-Oct-20', 160086, null);
insert into owns (plates, ownerid, purchase_date, drr, datesold) values ('LES291', 'GY917221', '25-Oct-95', 231765, '1-Jun-13');
insert into owns (plates, ownerid, purchase_date, drr, datesold) values ('LFM181', 'DD687366', '28-Sep-15', 235914, '22-Apr-19');
insert into owns (plates, ownerid, purchase_date, drr, datesold) values ('LKT125', 'IT557554', '24-Apr-10', 13756, null);
insert into owns (plates, ownerid, purchase_date, drr, datesold) values ('LQP133', 'CB878288', '5-Oct-16', 203037, '10-Jan-20');
insert into owns (plates, ownerid, purchase_date, drr, datesold) values ('LQP133', 'EH170250', '27-Oct-20', 205879, null);
insert into owns (plates, ownerid, purchase_date, drr, datesold) values ('LRJ198', 'FA620700', '21-Dec-11', 142490, '3-Aug-16');
insert into owns (plates, ownerid, purchase_date, drr, datesold) values ('LUG419', 'LB217934', '11-Mar-08', 190415, '17-Jun-15');
insert into owns (plates, ownerid, purchase_date, drr, datesold) values ('LUG419', 'XT096478', '28-Aug-15', 200424, '25-Dec-18');
insert into owns (plates, ownerid, purchase_date, drr, datesold) values ('LUM194', 'VL421888', '12-Sep-16', 71238, null);
insert into owns (plates, ownerid, purchase_date, drr, datesold) values ('MBU195', 'OT870531', '12-Jan-13', 168869, null);
insert into owns (plates, ownerid, purchase_date, drr, datesold) values ('MIC180', 'XS446348', '19-Aug-14', 11012, '6-May-19');
insert into owns (plates, ownerid, purchase_date, drr, datesold) values ('MJA315', 'WK833121', '7-Mar-09', 193279, null);
insert into owns (plates, ownerid, purchase_date, drr, datesold) values ('MLA111', 'TJ501064', '2-Jan-97', 103686, null);
insert into owns (plates, ownerid, purchase_date, drr, datesold) values ('MNW195', 'CB409209', '20-Sep-08', 164649, '21-May-12');
insert into owns (plates, ownerid, purchase_date, drr, datesold) values ('MNW195', 'CN625678', '26-Nov-18', 213862, '27-Jul-19');
insert into owns (plates, ownerid, purchase_date, drr, datesold) values ('MNW195', 'IY731415', '6-Aug-19', 232659, '20-Jun-20');
insert into owns (plates, ownerid, purchase_date, drr, datesold) values ('MTS186', 'EH620319', '19-Mar-10', 222351, '23-Sep-20');
insert into owns (plates, ownerid, purchase_date, drr, datesold) values ('MTS186', 'OT870531', '20-Oct-20', 231891, null);
insert into owns (plates, ownerid, purchase_date, drr, datesold) values ('NGE699', 'TS505239', '15-Oct-11', 47818, null);
insert into owns (plates, ownerid, purchase_date, drr, datesold) values ('NPC171', 'XZ791693', '6-Apr-92', 243707, '9-Mar-16');
insert into owns (plates, ownerid, purchase_date, drr, datesold) values ('NSZ167', 'UV464301', '14-May-93', 247413, '31-Aug-19');
insert into owns (plates, ownerid, purchase_date, drr, datesold) values ('NZI125', 'GV672691', '14-Nov-10', 117241, null);
insert into owns (plates, ownerid, purchase_date, drr, datesold) values ('OGQ147', 'BD404873', '20-Jan-99', 152674, null);
insert into owns (plates, ownerid, purchase_date, drr, datesold) values ('OHZ249', 'IT557554', '23-Oct-13', 137460, '3-Oct-17');
insert into owns (plates, ownerid, purchase_date, drr, datesold) values ('OHZ249', 'NX823703', '3-Jul-18', 157002, '19-Jul-20');
insert into owns (plates, ownerid, purchase_date, drr, datesold) values ('PAH360', 'MK276072', '8-Jun-18', 140405, '2-Jan-20');
insert into owns (plates, ownerid, purchase_date, drr, datesold) values ('PAH360', 'UW382014', '31-May-20', 170350, '12-Oct-20');
insert into owns (plates, ownerid, purchase_date, drr, datesold) values ('PAH360', 'YJ909820', '27-Oct-20', 184396, '31-Oct-20');
insert into owns (plates, ownerid, purchase_date, drr, datesold) values ('PGE134', 'JL684224', '13-Oct-18', 183170, '12-Feb-19');
insert into owns (plates, ownerid, purchase_date, drr, datesold) values ('PRH454', 'KI428822', '10-Mar-15', 102635, '19-Jul-19');
insert into owns (plates, ownerid, purchase_date, drr, datesold) values ('PXA530', 'BD404873', '29-Dec-19', 211587, '13-Aug-20');
insert into owns (plates, ownerid, purchase_date, drr, datesold) values ('PXA530', 'CG959314', '26-Sep-20', 225577, '28-Oct-20');
insert into owns (plates, ownerid, purchase_date, drr, datesold) values ('PXA530', 'IT557554', '30-Oct-20', 240911, '30-Oct-20');
insert into owns (plates, ownerid, purchase_date, drr, datesold) values ('PXA530', 'MA441877', '30-Oct-20', 246543, '30-Oct-20');
insert into owns (plates, ownerid, purchase_date, drr, datesold) values ('PXA530', 'VR250117', '30-Oct-20', 247610, '31-Oct-20');
insert into owns (plates, ownerid, purchase_date, drr, datesold) values ('PZW271', 'PI739736', '17-Jan-19', 146799, '7-Jun-19');
insert into owns (plates, ownerid, purchase_date, drr, datesold) values ('QAD038', 'YC336894', '17-Mar-08', 60842, null);
insert into owns (plates, ownerid, purchase_date, drr, datesold) values ('QBY170', 'JW387733', '7-Oct-00', 211065, '31-Jul-10');
insert into owns (plates, ownerid, purchase_date, drr, datesold) values ('QBY170', 'ND256561', '3-Feb-15', 221148, '14-Mar-15');
insert into owns (plates, ownerid, purchase_date, drr, datesold) values ('QSR188', 'FY757243', '16-Jan-19', 157448, '5-Oct-19');
insert into owns (plates, ownerid, purchase_date, drr, datesold) values ('QYJ947', 'FP522120', '19-Jan-14', 96810, '1-Feb-16');
insert into owns (plates, ownerid, purchase_date, drr, datesold) values ('QYJ947', 'GR280071', '17-Mar-19', 209370, '22-Mar-20');
insert into owns (plates, ownerid, purchase_date, drr, datesold) values ('QYJ947', 'WL475216', '13-Apr-20', 230298, null);
insert into owns (plates, ownerid, purchase_date, drr, datesold) values ('RAQ466', 'US501289', '25-Oct-17', 179148, '13-Feb-20');
insert into owns (plates, ownerid, purchase_date, drr, datesold) values ('RAQ466', 'VJ600542', '2-May-20', 236797, '10-Oct-20');
insert into owns (plates, ownerid, purchase_date, drr, datesold) values ('RAQ466', 'ZJ643640', '28-Oct-20', 245296, '31-Oct-20');
insert into owns (plates, ownerid, purchase_date, drr, datesold) values ('RHP014', 'CB878288', '23-Nov-08', 62864, '26-Aug-14');
insert into owns (plates, ownerid, purchase_date, drr, datesold) values ('RHP014', 'TA803007', '17-Nov-19', 243326, null);
insert into owns (plates, ownerid, purchase_date, drr, datesold) values ('RIU098', 'LO272167', '19-Apr-15', 145123, '17-Jan-17');
insert into owns (plates, ownerid, purchase_date, drr, datesold) values ('RIU098', 'UP119794', '28-Nov-17', 195219, '27-Aug-20');
insert into owns (plates, ownerid, purchase_date, drr, datesold) values ('RMF129', 'HM095109', '29-Oct-01', 84800, '12-Sep-10');
insert into owns (plates, ownerid, purchase_date, drr, datesold) values ('RMF129', 'TA803007', '21-Jul-20', 131139, '24-Jul-20');
insert into owns (plates, ownerid, purchase_date, drr, datesold) values ('RMF129', 'VL421888', '18-Aug-20', 244306, null);
insert into owns (plates, ownerid, purchase_date, drr, datesold) values ('RNJ668', 'CY667847', '10-Oct-99', 101612, '8-Dec-19');
insert into owns (plates, ownerid, purchase_date, drr, datesold) values ('RNJ668', 'LB217934', '8-Oct-20', 136246, '27-Oct-20');
insert into owns (plates, ownerid, purchase_date, drr, datesold) values ('RNJ668', 'NZ735728', '29-Oct-20', 159877, null);
insert into owns (plates, ownerid, purchase_date, drr, datesold) values ('RPZ694', 'JB094142', '18-Aug-16', 222228, null);
insert into owns (plates, ownerid, purchase_date, drr, datesold) values ('RTB727', 'GK716858', '17-Aug-12', 127015, '14-May-19');
insert into owns (plates, ownerid, purchase_date, drr, datesold) values ('RTB727', 'UW382014', '9-Jan-20', 176849, null);
insert into owns (plates, ownerid, purchase_date, drr, datesold) values ('RTQ193', 'EV043786', '9-Mar-10', 144602, null);
insert into owns (plates, ownerid, purchase_date, drr, datesold) values ('SAM199', 'GV672691', '26-Aug-16', 73204, '31-Mar-17');
insert into owns (plates, ownerid, purchase_date, drr, datesold) values ('SAM199', 'KB991500', '25-Sep-19', 218781, '13-Oct-20');
insert into owns (plates, ownerid, purchase_date, drr, datesold) values ('SAM199', 'SN098017', '29-Oct-20', 234847, '31-Oct-20');
insert into owns (plates, ownerid, purchase_date, drr, datesold) values ('SAM199', 'UQ518303', '31-Oct-20', 247236, null);
insert into owns (plates, ownerid, purchase_date, drr, datesold) values ('SDQ485', 'QQ465633', '4-Jun-13', 128313, '26-Feb-18');
insert into owns (plates, ownerid, purchase_date, drr, datesold) values ('SDQ485', 'VJ600542', '27-Jun-18', 128495, null);
insert into owns (plates, ownerid, purchase_date, drr, datesold) values ('SNB642', 'AR568163', '10-Apr-18', 200161, '19-Dec-18');
insert into owns (plates, ownerid, purchase_date, drr, datesold) values ('SNB642', 'EH170250', '19-Jun-19', 220782, null);
insert into owns (plates, ownerid, purchase_date, drr, datesold) values ('SQI002', 'KI428822', '14-Nov-08', 130475, '25-Nov-13');
insert into owns (plates, ownerid, purchase_date, drr, datesold) values ('SQI002', 'RQ009603', '15-Aug-17', 205691, '29-Oct-18');
insert into owns (plates, ownerid, purchase_date, drr, datesold) values ('SQI002', 'RQ887793', '2-Feb-20', 230070, '11-Aug-20');
insert into owns (plates, ownerid, purchase_date, drr, datesold) values ('SQI002', 'UI474794', '26-Sep-20', 248759, '28-Sep-20');
insert into owns (plates, ownerid, purchase_date, drr, datesold) values ('SQI002', 'VJ600542', '14-Oct-20', 248857, null);
insert into owns (plates, ownerid, purchase_date, drr, datesold) values ('SQP110', 'EW406379', '17-Mar-17', 63847, null);
insert into owns (plates, ownerid, purchase_date, drr, datesold) values ('STD184', 'ET980228', '11-Nov-16', 222804, '29-Jul-19');
insert into owns (plates, ownerid, purchase_date, drr, datesold) values ('STD184', 'GX970305', '12-Aug-19', 223336, '13-Oct-20');
insert into owns (plates, ownerid, purchase_date, drr, datesold) values ('STD184', 'KZ744486', '18-Oct-20', 237337, '28-Oct-20');
insert into owns (plates, ownerid, purchase_date, drr, datesold) values ('SWH191', 'AY890753', '5-Sep-07', 196688, '2-Mar-12');
insert into owns (plates, ownerid, purchase_date, drr, datesold) values ('SWH191', 'UQ386887', '26-Sep-15', 204954, '9-Sep-16');
insert into owns (plates, ownerid, purchase_date, drr, datesold) values ('SWH191', 'ZW929419', '13-Aug-17', 233745, null);
insert into owns (plates, ownerid, purchase_date, drr, datesold) values ('TFL487', 'KF023457', '27-Aug-18', 159630, '3-Sep-19');
insert into owns (plates, ownerid, purchase_date, drr, datesold) values ('TRG225', 'CB878288', '13-May-90', 112664, '18-Feb-09');
insert into owns (plates, ownerid, purchase_date, drr, datesold) values ('TRG225', 'KB991500', '1-Oct-20', 236080, '7-Oct-20');
insert into owns (plates, ownerid, purchase_date, drr, datesold) values ('TRG225', 'WQ196461', '15-Oct-20', 247364, '29-Oct-20');
insert into owns (plates, ownerid, purchase_date, drr, datesold) values ('TYP074', 'FP522120', '19-Dec-11', 96980, '6-Apr-16');
insert into owns (plates, ownerid, purchase_date, drr, datesold) values ('TYP074', 'TJ501064', '22-Aug-20', 225739, '9-Sep-20');
insert into owns (plates, ownerid, purchase_date, drr, datesold) values ('TYP074', 'UQ386887', '25-Sep-20', 245703, '26-Sep-20');
insert into owns (plates, ownerid, purchase_date, drr, datesold) values ('UGM629', 'CU552309', '9-Apr-16', 34467, '27-Jul-16');
insert into owns (plates, ownerid, purchase_date, drr, datesold) values ('UOV173', 'BB162155', '13-Mar-08', 35934, '14-Dec-18');
insert into owns (plates, ownerid, purchase_date, drr, datesold) values ('UPF991', 'GH172787', '19-Sep-17', 90579, '24-Oct-20');
insert into owns (plates, ownerid, purchase_date, drr, datesold) values ('UPF991', 'GR280071', '29-Oct-20', 192691, null);
insert into owns (plates, ownerid, purchase_date, drr, datesold) values ('UXB122', 'VW502182', '17-Oct-06', 45596, '13-Dec-17');
insert into owns (plates, ownerid, purchase_date, drr, datesold) values ('UXB122', 'ZJ643640', '9-Dec-18', 113475, '7-Apr-20');
insert into owns (plates, ownerid, purchase_date, drr, datesold) values ('VAO734', 'JD324141', '10-Oct-12', 80322, '29-Oct-13');
insert into owns (plates, ownerid, purchase_date, drr, datesold) values ('VAO734', 'XT096478', '18-Oct-19', 183887, null);
insert into owns (plates, ownerid, purchase_date, drr, datesold) values ('VBE182', 'EP607769', '21-Jul-06', 168975, '1-Feb-09');
insert into owns (plates, ownerid, purchase_date, drr, datesold) values ('VDS183', 'DY431657', '2-Dec-02', 83590, '4-Aug-14');
insert into owns (plates, ownerid, purchase_date, drr, datesold) values ('VDS183', 'KI428822', '5-Nov-18', 246254, '25-Jul-19');
insert into owns (plates, ownerid, purchase_date, drr, datesold) values ('VJN862', 'DS346284', '29-Apr-12', 205538, '11-Oct-12');
insert into owns (plates, ownerid, purchase_date, drr, datesold) values ('VJN862', 'LS112660', '26-Jul-19', 217719, '8-Jun-20');
insert into owns (plates, ownerid, purchase_date, drr, datesold) values ('VJN862', 'UT263750', '13-Sep-20', 247486, '19-Oct-20');
insert into owns (plates, ownerid, purchase_date, drr, datesold) values ('VKF131', 'CU552309', '31-Aug-97', 119439, '8-Mar-14');
insert into owns (plates, ownerid, purchase_date, drr, datesold) values ('VKF131', 'HZ069532', '29-Sep-18', 248352, null);
insert into owns (plates, ownerid, purchase_date, drr, datesold) values ('VSH102', 'HM095109', '6-May-12', 115011, '12-Mar-19');
insert into owns (plates, ownerid, purchase_date, drr, datesold) values ('VUS104', 'VV658461', '1-Jul-14', 247847, '18-Aug-19');
insert into owns (plates, ownerid, purchase_date, drr, datesold) values ('VYK970', 'SE820301', '19-Mar-05', 49710, '25-Jun-11');
insert into owns (plates, ownerid, purchase_date, drr, datesold) values ('VYL016', 'NX823703', '8-Aug-20', 135015, '28-Oct-20');
insert into owns (plates, ownerid, purchase_date, drr, datesold) values ('VZK452', 'EB343111', '15-Feb-01', 162434, '29-Mar-09');
insert into owns (plates, ownerid, purchase_date, drr, datesold) values ('VZK452', 'PF412411', '12-Aug-10', 239920, '15-Aug-13');
insert into owns (plates, ownerid, purchase_date, drr, datesold) values ('WEY936', 'DS346284', '20-Jun-17', 226530, '2-Aug-19');
insert into owns (plates, ownerid, purchase_date, drr, datesold) values ('WGJ116', 'FP522120', '2-Sep-95', 52370, '15-Oct-03');
insert into owns (plates, ownerid, purchase_date, drr, datesold) values ('WGJ116', 'LT562573', '28-Jul-17', 100886, '5-Aug-18');
insert into owns (plates, ownerid, purchase_date, drr, datesold) values ('WGJ116', 'US501289', '12-Mar-20', 110245, '10-Aug-20');
insert into owns (plates, ownerid, purchase_date, drr, datesold) values ('WGJ116', 'XF278063', '29-Oct-20', 190330, '29-Oct-20');
insert into owns (plates, ownerid, purchase_date, drr, datesold) values ('XAC140', 'AC165782', '27-Mar-17', 237761, '7-Apr-19');
insert into owns (plates, ownerid, purchase_date, drr, datesold) values ('XAC140', 'IQ260885', '29-Apr-20', 246046, '21-May-20');
insert into owns (plates, ownerid, purchase_date, drr, datesold) values ('XAC140', 'LO182200', '28-Aug-20', 249827, '3-Sep-20');
insert into owns (plates, ownerid, purchase_date, drr, datesold) values ('XAC140', 'RS174887', '2-Oct-20', 249837, null);
insert into owns (plates, ownerid, purchase_date, drr, datesold) values ('XRL132', 'DY431657', '10-Jul-19', 238317, '25-Jun-20');
insert into owns (plates, ownerid, purchase_date, drr, datesold) values ('XRL132', 'VK102038', '14-Oct-20', 243915, null);
insert into owns (plates, ownerid, purchase_date, drr, datesold) values ('XSG334', 'LS112660', '6-May-15', 53922, '13-May-20');
insert into owns (plates, ownerid, purchase_date, drr, datesold) values ('XSG334', 'MD147493', '11-Jun-20', 174660, null);
insert into owns (plates, ownerid, purchase_date, drr, datesold) values ('YIE078', 'JB094142', '22-Jul-10', 243479, '30-Jan-15');
insert into owns (plates, ownerid, purchase_date, drr, datesold) values ('YIE078', 'NS723223', '14-Jul-15', 248063, '18-Oct-20');
insert into owns (plates, ownerid, purchase_date, drr, datesold) values ('YIE078', 'UJ336592', '27-Oct-20', 248857, '29-Oct-20');
insert into owns (plates, ownerid, purchase_date, drr, datesold) values ('YIE078', 'XU920884', '30-Oct-20', 249956, '30-Oct-20');
insert into owns (plates, ownerid, purchase_date, drr, datesold) values ('YIE078', 'ZK430196', '31-Oct-20', 249981, null);
insert into owns (plates, ownerid, purchase_date, drr, datesold) values ('YTZ138', 'WK833121', '25-Sep-09', 134691, '22-Sep-17');
insert into owns (plates, ownerid, purchase_date, drr, datesold) values ('YZI986', 'CG959314', '28-Aug-05', 241883, '6-Jan-11');
insert into owns (plates, ownerid, purchase_date, drr, datesold) values ('YZI986', 'UZ412856', '5-Aug-18', 246639, null);
insert into owns (plates, ownerid, purchase_date, drr, datesold) values ('ZJV136', 'AC165782', '31-Mar-19', 92158, '17-Jan-20');
insert into owns (plates, ownerid, purchase_date, drr, datesold) values ('ZJV136', 'AY890753', '28-Jul-20', 121543, '10-Aug-20');
insert into owns (plates, ownerid, purchase_date, drr, datesold) values ('ZJV136', 'EW406379', '10-Oct-20', 147989, '13-Oct-20');
insert into owns (plates, ownerid, purchase_date, drr, datesold) values ('ZJV136', 'KF023457', '23-Oct-20', 209651, null);
insert into owns (plates, ownerid, purchase_date, drr, datesold) values ('ZUD944', 'EY199816', '24-Mar-17', 6948, '3-Feb-20');
insert into owns (plates, ownerid, purchase_date, drr, datesold) values ('ZUD944', 'LO182200', '28-Feb-20', 215517, '8-Apr-20');
insert into owns (plates, ownerid, purchase_date, drr, datesold) values ('ZUD944', 'VW502182', '3-Jun-20', 226083, '19-Jul-20');

/* Inserts for the Color table */
insert into color values('QJD123','black');
insert into color values('JS2938','red');
insert into color values('JJ3847','blue');
insert into color values('OZ8347','green');
insert into color values('PP3958','white');
insert into color values('PP3958','blue');
insert into color values('PA9485','yellow');
insert into color values('TX9283','red');
insert into color values('DBA256','white');
insert into color values('JAL264','navy');
insert into color values('GRW858','violet');
insert into color (plates, color) values ('UPF991', 'black');
insert into color (plates, color) values ('SQI002', 'white');
insert into color (plates, color) values ('JPZ553', 'green');
insert into color (plates, color) values ('XSG334', 'red');
insert into color (plates, color) values ('TRG225', 'orange');
insert into color (plates, color) values ('HLO006', 'green');
insert into color (plates, color) values ('GPM997', 'green');
insert into color (plates, color) values ('MPU778', 'white');
insert into color (plates, color) values ('UFM999', 'green');
insert into color (plates, color) values ('EJT910', 'white');
insert into color (plates, color) values ('EKC111', 'blue');
insert into color (plates, color) values ('RTU112', 'white');
insert into color (plates, color) values ('DNI813', 'white');
insert into color (plates, color) values ('RHP014', 'black');
insert into color (plates, color) values ('MJA315', 'white');
insert into color (plates, color) values ('VYL016', 'red');
insert into color (plates, color) values ('DSL617', 'silver');
insert into color (plates, color) values ('ERV918', 'green');
insert into color (plates, color) values ('LUG419', 'green');
insert into color (plates, color) values ('HLZ220', 'black');
insert into color (plates, color) values ('HSM521', 'red');
insert into color (plates, color) values ('KOH422', 'white');
insert into color (plates, color) values ('CKP923', 'white');
insert into color (plates, color) values ('PIL424', 'yellow');
insert into color (plates, color) values ('LKT125', 'black');
insert into color (plates, color) values ('IDY226', 'yellow');
insert into color (plates, color) values ('RTB727', 'white');
insert into color (plates, color) values ('IBY128', 'red');
insert into color (plates, color) values ('UGM629', 'silver');
insert into color (plates, color) values ('PXA530', 'green');
insert into color (plates, color) values ('EZT731', 'orange');
insert into color (plates, color) values ('XRL132', 'silver');
insert into color (plates, color) values ('UJF533', 'yellow');
insert into color (plates, color) values ('VAO734', 'blue');
insert into color (plates, color) values ('ROT935', 'blue');
insert into color (plates, color) values ('WEY936', 'white');
insert into color (plates, color) values ('DLK337', 'green');
insert into color (plates, color) values ('QAD038', 'black');
insert into color (plates, color) values ('DBP539', 'black');
insert into color (plates, color) values ('HJR940', 'black');
insert into color (plates, color) values ('EHY441', 'green');
insert into color (plates, color) values ('SNB642', 'black');
insert into color (plates, color) values ('BCU743', 'silver');
insert into color (plates, color) values ('ZUD944', 'blue');
insert into color (plates, color) values ('GTV045', 'silver');
insert into color (plates, color) values ('ALR346', 'blue');
insert into color (plates, color) values ('QYJ947', 'green');
insert into color (plates, color) values ('EKR748', 'blue');
insert into color (plates, color) values ('OHZ249', 'silver');
insert into color (plates, color) values ('CHU550', 'blue');
insert into color (plates, color) values ('AIW451', 'silver');
insert into color (plates, color) values ('VZK452', 'green');
insert into color (plates, color) values ('HXL953', 'red');
insert into color (plates, color) values ('PRH454', 'green');
insert into color (plates, color) values ('JSK555', 'orange');
insert into color (plates, color) values ('KAC756', 'black');
insert into color (plates, color) values ('CNX057', 'black');
insert into color (plates, color) values ('JTP458', 'red');
insert into color (plates, color) values ('NHD159', 'blue');
insert into color (plates, color) values ('PAH360', 'blue');
insert into color (plates, color) values ('JWG061', 'black');
insert into color (plates, color) values ('VJN862', 'blue');
insert into color (plates, color) values ('IQC163', 'red');
insert into color (plates, color) values ('KRD264', 'black');
insert into color (plates, color) values ('CSU865', 'blue');
insert into color (plates, color) values ('RAQ466', 'blue');
insert into color (plates, color) values ('MXT167', 'black');
insert into color (plates, color) values ('RNJ668', 'yellow');
insert into color (plates, color) values ('CLD069', 'silver');
insert into color (plates, color) values ('VYK970', 'red');
insert into color (plates, color) values ('PZW271', 'green');
insert into color (plates, color) values ('HVW172', 'silver');
insert into color (plates, color) values ('EXU273', 'white');
insert into color (plates, color) values ('TYP074', 'green');
insert into color (plates, color) values ('EQV875', 'green');
insert into color (plates, color) values ('BYN476', 'blue');
insert into color (plates, color) values ('CUY677', 'white');
insert into color (plates, color) values ('YIE078', 'silver');
insert into color (plates, color) values ('DTX179', 'white');
insert into color (plates, color) values ('CUK380', 'white');
insert into color (plates, color) values ('TAY381', 'orange');
insert into color (plates, color) values ('IBY382', 'orange');
insert into color (plates, color) values ('VDS183', 'green');
insert into color (plates, color) values ('RAS384', 'green');
insert into color (plates, color) values ('SDQ485', 'orange');
insert into color (plates, color) values ('YZI986', 'blue');
insert into color (plates, color) values ('TFL487', 'black');
insert into color (plates, color) values ('JGR388', 'red');
insert into color (plates, color) values ('CLB989', 'black');
insert into color (plates, color) values ('JAV590', 'white');
insert into color (plates, color) values ('LES291', 'green');
insert into color (plates, color) values ('NOM292', 'white');
insert into color (plates, color) values ('EGI093', 'silver');
insert into color (plates, color) values ('RPZ694', 'white');
insert into color (plates, color) values ('MNW195', 'yellow');
insert into color (plates, color) values ('TYV396', 'red');
insert into color (plates, color) values ('PFQ597', 'green');
insert into color (plates, color) values ('RIU098', 'silver');
insert into color (plates, color) values ('NGE699', 'yellow');
insert into color (plates, color) values ('CAK100', 'white');
insert into color (plates, color) values ('DGR101', 'red');
insert into color (plates, color) values ('VSH102', 'green');
insert into color (plates, color) values ('FLV103', 'green');
insert into color (plates, color) values ('VUS104', 'black');
insert into color (plates, color) values ('CBK105', 'yellow');
insert into color (plates, color) values ('KRC106', 'white');
insert into color (plates, color) values ('EGY107', 'red');
insert into color (plates, color) values ('ATN108', 'white');
insert into color (plates, color) values ('NJH109', 'green');
insert into color (plates, color) values ('SQP110', 'silver');
insert into color (plates, color) values ('MLA111', 'yellow');
insert into color (plates, color) values ('KVF112', 'silver');
insert into color (plates, color) values ('JHW113', 'white');
insert into color (plates, color) values ('JOQ114', 'white');
insert into color (plates, color) values ('SNJ115', 'white');
insert into color (plates, color) values ('WGJ116', 'white');
insert into color (plates, color) values ('DBJ117', 'red');
insert into color (plates, color) values ('HLB118', 'black');
insert into color (plates, color) values ('GLZ119', 'black');
insert into color (plates, color) values ('HBY120', 'blue');
insert into color (plates, color) values ('BYH121', 'white');
insert into color (plates, color) values ('UXB122', 'red');
insert into color (plates, color) values ('EDP123', 'yellow');
insert into color (plates, color) values ('BMJ124', 'green');
insert into color (plates, color) values ('NZI125', 'silver');
insert into color (plates, color) values ('GZP126', 'orange');
insert into color (plates, color) values ('KOF127', 'white');
insert into color (plates, color) values ('FDO128', 'silver');
insert into color (plates, color) values ('RMF129', 'silver');
insert into color (plates, color) values ('CQM130', 'black');
insert into color (plates, color) values ('VKF131', 'blue');
insert into color (plates, color) values ('KVQ132', 'blue');
insert into color (plates, color) values ('LQP133', 'black');
insert into color (plates, color) values ('PGE134', 'white');
insert into color (plates, color) values ('HKR135', 'red');
insert into color (plates, color) values ('ZJV136', 'silver');
insert into color (plates, color) values ('ESP137', 'red');
insert into color (plates, color) values ('YTZ138', 'blue');
insert into color (plates, color) values ('QVP139', 'orange');
insert into color (plates, color) values ('XAC140', 'red');
insert into color (plates, color) values ('HCU141', 'red');
insert into color (plates, color) values ('LJP142', 'yellow');
insert into color (plates, color) values ('ICF143', 'orange');
insert into color (plates, color) values ('OCW144', 'blue');
insert into color (plates, color) values ('YVS145', 'black');
insert into color (plates, color) values ('IEL146', 'white');
insert into color (plates, color) values ('OGQ147', 'silver');
insert into color (plates, color) values ('FXP148', 'blue');
insert into color (plates, color) values ('GTS149', 'white');
insert into color (plates, color) values ('KLC150', 'white');
insert into color (plates, color) values ('GNL151', 'green');
insert into color (plates, color) values ('HLP152', 'white');
insert into color (plates, color) values ('AWM153', 'silver');
insert into color (plates, color) values ('QTX154', 'black');
insert into color (plates, color) values ('ERV155', 'green');
insert into color (plates, color) values ('JOW156', 'white');
insert into color (plates, color) values ('HMS157', 'green');
insert into color (plates, color) values ('FYA158', 'red');
insert into color (plates, color) values ('MNX159', 'silver');
insert into color (plates, color) values ('BKX160', 'white');
insert into color (plates, color) values ('YOH161', 'black');
insert into color (plates, color) values ('CTF162', 'blue');
insert into color (plates, color) values ('CTP163', 'blue');
insert into color (plates, color) values ('IWR164', 'silver');
insert into color (plates, color) values ('FMV165', 'black');
insert into color (plates, color) values ('FQV166', 'black');
insert into color (plates, color) values ('NSZ167', 'white');
insert into color (plates, color) values ('GAH168', 'red');
insert into color (plates, color) values ('BVF169', 'black');
insert into color (plates, color) values ('QBY170', 'white');
insert into color (plates, color) values ('NPC171', 'green');
insert into color (plates, color) values ('CSN172', 'blue');
insert into color (plates, color) values ('UOV173', 'blue');
insert into color (plates, color) values ('CFG174', 'black');
insert into color (plates, color) values ('CGI175', 'yellow');
insert into color (plates, color) values ('KES176', 'yellow');
insert into color (plates, color) values ('MFC177', 'blue');
insert into color (plates, color) values ('QTY178', 'black');
insert into color (plates, color) values ('PIH179', 'yellow');
insert into color (plates, color) values ('MIC180', 'red');
insert into color (plates, color) values ('LFM181', 'silver');
insert into color (plates, color) values ('VBE182', 'white');
insert into color (plates, color) values ('DQT183', 'black');
insert into color (plates, color) values ('STD184', 'silver');
insert into color (plates, color) values ('HNJ185', 'white');
insert into color (plates, color) values ('MTS186', 'white');
insert into color (plates, color) values ('ATL187', 'orange');
insert into color (plates, color) values ('QSR188', 'blue');
insert into color (plates, color) values ('HIT189', 'orange');
insert into color (plates, color) values ('EOD190', 'blue');
insert into color (plates, color) values ('SWH191', 'white');
insert into color (plates, color) values ('UXM192', 'yellow');
insert into color (plates, color) values ('RTQ193', 'red');
insert into color (plates, color) values ('LUM194', 'red');
insert into color (plates, color) values ('MBU195', 'yellow');
insert into color (plates, color) values ('NGT196', 'orange');
insert into color (plates, color) values ('BNO197', 'white');
insert into color (plates, color) values ('LRJ198', 'green');
insert into color (plates, color) values ('SAM199', 'black');
insert into color (plates, color) values ('MIT200', 'green');
insert into color (plates, color) values ('UPF991', 'yellow');
insert into color (plates, color) values ('SQI002', 'blue');
insert into color (plates, color) values ('JPZ553', 'silver');
insert into color (plates, color) values ('XSG334', 'blue');
insert into color (plates, color) values ('TRG225', 'blue');
insert into color (plates, color) values ('HLO006', 'yellow');
insert into color (plates, color) values ('GPM997', 'red');
insert into color (plates, color) values ('MPU778', 'blue');
insert into color (plates, color) values ('UFM999', 'black');
insert into color (plates, color) values ('EJT910', 'black');

/* Inserts for the Registration table */
insert into registration values('JJ3847',21321322,1352,'17-may-85','Japan',15736,84.25);
insert into registration values('JAL264',21321322,1352,'5-sep-2013',null,79256,165.35);
insert into registration values('JAL264',91837243,1303,'5-sep-2014',null,90018,150.35);
insert into registration values('GRW858',91837243,1303,'15-apr-2018',null,99560,292.70);
insert into registration values('PA9485',38473342,1352,'31-mar-94','NZ',1920,184.90);
insert into registration values('QJD123',21321322,1352,'15-mar-2003','NZ',20,175.95);
insert into registration values('JAL264',91837243,1303,'5-sep-2018',null,169018,350.35);
insert into registration values('TX9283',38473342,1352,'17-nov-95','NZ',28943,150.55);
insert into registration values('PP3958',21321322,1352,'08-aug-95','NZ',903,303.15);
insert into registration values('JAL264',91837243,1303,'5-sep-2009',null,42180,150.35);
insert into registration values('JS2938',91382743,1303,'15-apr-83','Japan',55612,101.15);
insert into registration values('OZ8347',91837243,1303,'25-sep-91','Japan',2948,211.35);
insert into registration values('JJ3847',91382743,1303,'29-nov-94',null,25253,224.70);
insert into registration values('JJ3847',91382743,1303,'29-nov-93',null,17253,284.70);
insert into registration values('QJD123',21321322,1352,'13-mar-2004',null,3150,185.95);
insert into registration values('JJ3847',91382743,1303,'30-nov-96',null,75253,284.70);
insert into registration values('JJ3847',91382743,1303,'29-nov-95',null,56253,184.70);
insert into registration values('QJD123',21321322,1352,'03-mar-2005',null,6150,195.95);
insert into registration values('PA9485',38473342,1352,'31-mar-95',null,31920,154.90);
insert into registration values('QJD123',21321322,1352,'11-mar-2006',null,16150,195.95);
insert into registration values('JAL264',21321322,1352,'5-sep-2006',null,2018,150.35);
insert into registration values('PA9485',21321322,1352,'31-mar-96',null,43920,124.35);
insert into registration values('QJD123',21321322,1352,'09-mar-2007',null,26150,195.95);
insert into registration values('PA9485',38473342,1352,'13-apr-97',null,51920,231.30);
insert into registration values('QJD123',21321322,1352,'09-mar-2008',null,26150,195.95);
insert into registration values('TX9283',21321322,1352,'15-feb-97',null,2870,250.00);
insert into registration values('QJD123',21321322,1352,'09-mar-2009',null,29150,195.95);
insert into registration values('JAL264',21321322,1352,'2-sep-2008',null,25018,192.50);
insert into registration values('JS2938',91837243,1303,'02-mar-95',null,150101,121.05);
insert into registration values('QJD123',21321322,1352,'10-mar-2010',null,49150,185.95);
insert into registration values('JS2938',91837243,1303,'02-mar-96',null,169113,114.05);
insert into registration values('JS2938',91837243,1303,'15-feb-97',null,180101,121.05);
insert into registration values('OZ8347',38473342,1352,'15-feb-97',null,2948,203.35);
insert into registration values('QJD123',21321322,1352,'15-jul-2011',null,65499,165.95);
insert into registration values('QJD123',21321322,1352,'14-jul-2012',null,71499,165.95);
insert into registration values('GRW858',21321322,1352,'15-apr-2019',null,120120,340.6);
insert into registration values('DBA256',91382743,1352,'14-aug-2017',null,31350,105.90);
insert into registration values('QJD123',21321322,1352,'13-jul-2014',null,91036,165.95);
insert into registration values('JAL264',21321322,1352,'25-aug-2017',null,144256,265.35);
insert into registration values('DBA256',91382743,1352,'14-aug-2018',null,55480,155.90);
insert into registration values('QJD123',21321322,1352,'15-jul-2014',null,91580,186.30);
insert into registration values('JAL264',21321322,1352,'5-sep-2007',null,19256,165.35);
insert into registration values('QJD123',58743344,1352,'16-jul-2015',null,102300,186.30);
insert into registration values('QJD123',21321322,1352,'14-jul-2016',null,129232,202.95);
insert into registration values('DBA256',91382743,1352,'1-aug-2019',null,55480,162.50);
insert into registration values('QJD123',91382743,1352,'13-jul-2017',null,145678,202.95);
insert into registration values('QJD123',21321322,1352,'10-jul-2018',null,152888,255.95);
insert into registration values('JAL264',21321322,1352,'25-aug-2010',null,49256,165.35);
insert into registration values('JAL264',91382743,1303,'29-aug-2011',null,55018,192.50);
insert into registration values('JAL264',21321322,1352,'5-sep-2012',null,62018,150.35);
insert into registration values('GRW858',21321322,1352,'15-apr-2017',null,81456,240.70);
insert into registration values('JAL264',21321322,1352,'25-aug-2015',null,109256,210.30);
insert into registration values('JAL264',91837243,1303,'5-sep-2016',null,123018,240.80);
insert into registration (plates, emp, reg_org, reg_date, country, drr, amount) values ('ALR346', '37853477', 1315, '9-Jan-99', 'Japan', 161599, 105.24);
insert into registration (plates, emp, reg_org, reg_date, country, drr, amount) values ('ALR346', '36741301', 1365, '1-May-18', null, 170016, 70.99);
insert into registration (plates, emp, reg_org, reg_date, country, drr, amount) values ('ATL187', '76786691', 1342, '29-Nov-11', 'NZ', 123297, 165.7);
insert into registration (plates, emp, reg_org, reg_date, country, drr, amount) values ('AWM153', '55570207', 1312, '17-Nov-92', 'Japan', 138413, 87.1);
insert into registration (plates, emp, reg_org, reg_date, country, drr, amount) values ('BKX160', '95544022', 1303, '1-Mar-16', 'Japan', 12961, 169.0);
insert into registration (plates, emp, reg_org, reg_date, country, drr, amount) values ('BKX160', '29951970', 1303, '28-Jan-18', null, 230843, 134.83);
insert into registration (plates, emp, reg_org, reg_date, country, drr, amount) values ('BMJ124', '67488603', 1303, '19-Nov-16', 'NZ', 148843, 128.48);
insert into registration (plates, emp, reg_org, reg_date, country, drr, amount) values ('BVF169', '35860979', 1365, '9-Oct-11', 'NZ', 238444, 116.48);
insert into registration (plates, emp, reg_org, reg_date, country, drr, amount) values ('BYH121', '58190091', 1342, '23-Sep-08', 'Japan', 233085, 158.23);
insert into registration (plates, emp, reg_org, reg_date, country, drr, amount) values ('BYH121', '00505886', 1312, '18-May-12', null, 249699, 114.96);
insert into registration (plates, emp, reg_org, reg_date, country, drr, amount) values ('BYH121', '51415984', 1312, '13-May-19', null, 249832, 74.78);
insert into registration (plates, emp, reg_org, reg_date, country, drr, amount) values ('BYN476', '39072878', 1352, '4-Apr-06', 'Japan', 222125, 137.1);
insert into registration (plates, emp, reg_org, reg_date, country, drr, amount) values ('CBK105', '20029012', 1365, '21-Dec-08', 'NZ', 103749, 139.63);
insert into registration (plates, emp, reg_org, reg_date, country, drr, amount) values ('CBK105', '24698737', 1352, '29-Apr-18', null, 167504, 94.48);
insert into registration (plates, emp, reg_org, reg_date, country, drr, amount) values ('CBK105', '83561376', 1315, '15-Oct-20', null, 219625, 117.83);
insert into registration (plates, emp, reg_org, reg_date, country, drr, amount) values ('CBK105', '16092341', 1312, '24-Oct-20', null, 231527, 135.29);
insert into registration (plates, emp, reg_org, reg_date, country, drr, amount) values ('CGI175', '83561376', 1303, '5-Mar-99', 'NZ', 202509, 170.58);
insert into registration (plates, emp, reg_org, reg_date, country, drr, amount) values ('CHU550', '96094264', 1365, '16-Jul-14', 'Japan', 201044, 135.65);
insert into registration (plates, emp, reg_org, reg_date, country, drr, amount) values ('CKP923', '67488603', 1303, '13-Dec-99', 'Japan', 65677, 179.08);
insert into registration (plates, emp, reg_org, reg_date, country, drr, amount) values ('CKP923', '24785875', 1303, '28-Jul-20', null, 215168, 184.94);
insert into registration (plates, emp, reg_org, reg_date, country, drr, amount) values ('CNX057', '45486395', 1315, '3-Mar-12', 'Japan', 122612, 152.61);
insert into registration (plates, emp, reg_org, reg_date, country, drr, amount) values ('CNX057', '31612780', 1312, '24-Sep-20', null, 246837, 98.56);
insert into registration (plates, emp, reg_org, reg_date, country, drr, amount) values ('CQM130', '65731911', 1352, '20-Apr-19', 'NZ', 1739, 136.31);
insert into registration (plates, emp, reg_org, reg_date, country, drr, amount) values ('CQM130', '43648582', 1352, '9-Apr-20', null, 222589, 152.36);
insert into registration (plates, emp, reg_org, reg_date, country, drr, amount) values ('CSU865', '33434293', 1312, '23-Sep-18', 'Japan', 35148, 174.68);
insert into registration (plates, emp, reg_org, reg_date, country, drr, amount) values ('CSU865', '42333663', 1365, '1-Feb-20', null, 179469, 141.94);
insert into registration (plates, emp, reg_org, reg_date, country, drr, amount) values ('CSU865', '65331163', 1303, '11-Oct-20', null, 239320, 69.5);
insert into registration (plates, emp, reg_org, reg_date, country, drr, amount) values ('CSU865', '83809489', 1342, '29-Oct-20', null, 246581, 156.56);
insert into registration (plates, emp, reg_org, reg_date, country, drr, amount) values ('CSU865', '89080140', 1342, '31-Oct-20', null, 248208, 129.01);
insert into registration (plates, emp, reg_org, reg_date, country, drr, amount) values ('CTF162', '53121881', 1312, '18-Oct-12', 'Japan', 125444, 90.18);
insert into registration (plates, emp, reg_org, reg_date, country, drr, amount) values ('CTP163', '95699546', 1312, '27-Jan-10', 'Japan', 87817, 108.8);
insert into registration (plates, emp, reg_org, reg_date, country, drr, amount) values ('CTP163', '26940526', 1315, '2-Jul-20', null, 216791, 68.55);
insert into registration (plates, emp, reg_org, reg_date, country, drr, amount) values ('CUK380', '49096466', 1312, '23-Apr-14', 'Japan', 189826, 145.54);
insert into registration (plates, emp, reg_org, reg_date, country, drr, amount) values ('CUY677', '17006631', 1315, '6-Jun-95', 'NZ', 207932, 121.71);
insert into registration (plates, emp, reg_org, reg_date, country, drr, amount) values ('CUY677', '52480403', 1312, '9-Sep-19', null, 239160, 122.42);
insert into registration (plates, emp, reg_org, reg_date, country, drr, amount) values ('DBJ117', '86208317', 1315, '8-Nov-08', 'Japan', 236583, 167.06);
insert into registration (plates, emp, reg_org, reg_date, country, drr, amount) values ('DBP539', '02633051', 1315, '7-Sep-98', 'Japan', 29467, 101.42);
insert into registration (plates, emp, reg_org, reg_date, country, drr, amount) values ('DGR101', '06779177', 1352, '7-Jan-00', 'NZ', 222406, 158.18);
insert into registration (plates, emp, reg_org, reg_date, country, drr, amount) values ('DLK337', '77583912', 1342, '19-May-10', 'Japan', 133224, 186.7);
insert into registration (plates, emp, reg_org, reg_date, country, drr, amount) values ('DNI813', '62010997', 1303, '24-Oct-13', 'NZ', 230878, 162.81);
insert into registration (plates, emp, reg_org, reg_date, country, drr, amount) values ('DNI813', '90446269', 1342, '12-May-17', null, 245287, 102.39);
insert into registration (plates, emp, reg_org, reg_date, country, drr, amount) values ('DQT183', '62768272', 1303, '22-Nov-00', 'NZ', 201795, 170.25);
insert into registration (plates, emp, reg_org, reg_date, country, drr, amount) values ('DSL617', '65463416', 1312, '30-Jun-19', 'Japan', 36699, 127.67);
insert into registration (plates, emp, reg_org, reg_date, country, drr, amount) values ('DSL617', '42960230', 1315, '12-Mar-20', null, 123486, 133.69);
insert into registration (plates, emp, reg_org, reg_date, country, drr, amount) values ('EDP123', '24546437', 1342, '21-Jul-96', 'Japan', 170775, 93.69);
insert into registration (plates, emp, reg_org, reg_date, country, drr, amount) values ('EGY107', '56700993', 1352, '17-Jul-11', 'Japan', 205629, 105.56);
insert into registration (plates, emp, reg_org, reg_date, country, drr, amount) values ('EJT910', '68021963', 1365, '2-Jun-16', 'NZ', 30410, 111.44);
insert into registration (plates, emp, reg_org, reg_date, country, drr, amount) values ('EKC111', '68875494', 1352, '24-Apr-16', 'NZ', 126186, 94.2);
insert into registration (plates, emp, reg_org, reg_date, country, drr, amount) values ('EKR748', '02092841', 1312, '22-May-05', 'Japan', 205125, 74.62);
insert into registration (plates, emp, reg_org, reg_date, country, drr, amount) values ('EOD190', '49762900', 1315, '24-Aug-14', 'Japan', 216826, 138.89);
insert into registration (plates, emp, reg_org, reg_date, country, drr, amount) values ('EOD190', '93420877', 1352, '12-Apr-20', null, 244106, 121.2);
insert into registration (plates, emp, reg_org, reg_date, country, drr, amount) values ('EOD190', '02092841', 1315, '20-Jun-20', null, 248845, 78.26);
insert into registration (plates, emp, reg_org, reg_date, country, drr, amount) values ('EQV875', '88128854', 1342, '24-Mar-18', 'Japan', 124766, 182.71);
insert into registration (plates, emp, reg_org, reg_date, country, drr, amount) values ('ERV155', '02092841', 1315, '18-Nov-04', 'Japan', 186263, 87.16);
insert into registration (plates, emp, reg_org, reg_date, country, drr, amount) values ('ERV155', '50498461', 1312, '1-Feb-20', null, 202247, 86.75);
insert into registration (plates, emp, reg_org, reg_date, country, drr, amount) values ('ERV918', '65731911', 1365, '29-Feb-04', 'Japan', 80587, 137.37);
insert into registration (plates, emp, reg_org, reg_date, country, drr, amount) values ('ERV918', '31768254', 1342, '19-Jun-16', null, 242663, 189.59);
insert into registration (plates, emp, reg_org, reg_date, country, drr, amount) values ('ERV918', '70282449', 1365, '22-Nov-18', null, 243341, 145.1);
insert into registration (plates, emp, reg_org, reg_date, country, drr, amount) values ('ESP137', '17520320', 1365, '31-May-16', 'NZ', 89367, 194.73);
insert into registration (plates, emp, reg_org, reg_date, country, drr, amount) values ('ESP137', '46062610', 1365, '15-Sep-20', null, 204599, 159.32);
insert into registration (plates, emp, reg_org, reg_date, country, drr, amount) values ('EXU273', '17520320', 1352, '2-May-06', 'Japan', 76929, 113.24);
insert into registration (plates, emp, reg_org, reg_date, country, drr, amount) values ('EXU273', '20185266', 1312, '22-Feb-14', null, 158491, 121.16);
insert into registration (plates, emp, reg_org, reg_date, country, drr, amount) values ('EXU273', '35860979', 1303, '18-Oct-20', null, 235302, 108.64);
insert into registration (plates, emp, reg_org, reg_date, country, drr, amount) values ('EZT731', '58073414', 1352, '16-Aug-06', 'Japan', 84884, 137.5);
insert into registration (plates, emp, reg_org, reg_date, country, drr, amount) values ('EZT731', '94633817', 1365, '12-Feb-20', null, 144608, 115.44);
insert into registration (plates, emp, reg_org, reg_date, country, drr, amount) values ('EZT731', '75608240', 1352, '28-May-20', null, 176432, 185.47);
insert into registration (plates, emp, reg_org, reg_date, country, drr, amount) values ('FDO128', '83561376', 1312, '11-Aug-93', 'Japan', 161393, 193.6);
insert into registration (plates, emp, reg_org, reg_date, country, drr, amount) values ('FLV103', '52925772', 1315, '1-Apr-10', 'Japan', 22903, 141.95);
insert into registration (plates, emp, reg_org, reg_date, country, drr, amount) values ('FMV165', '77196824', 1312, '20-May-19', 'Japan', 215506, 149.58);
insert into registration (plates, emp, reg_org, reg_date, country, drr, amount) values ('FQV166', '04723027', 1342, '29-Jun-01', 'NZ', 109813, 160.09);
insert into registration (plates, emp, reg_org, reg_date, country, drr, amount) values ('FXP148', '93420877', 1303, '28-Jan-09', 'Japan', 203599, 152.8);
insert into registration (plates, emp, reg_org, reg_date, country, drr, amount) values ('FXP148', '07601017', 1365, '2-Sep-18', null, 246283, 112.68);
insert into registration (plates, emp, reg_org, reg_date, country, drr, amount) values ('FYA158', '08781855', 1315, '4-Mar-13', 'NZ', 113048, 199.38);
insert into registration (plates, emp, reg_org, reg_date, country, drr, amount) values ('FYA158', '52925772', 1365, '14-Mar-17', null, 179395, 134.76);
insert into registration (plates, emp, reg_org, reg_date, country, drr, amount) values ('GAH168', '40180000', 1312, '10-Mar-12', 'Japan', 64158, 188.66);
insert into registration (plates, emp, reg_org, reg_date, country, drr, amount) values ('GAH168', '92852697', 1312, '17-Oct-20', null, 128850, 132.55);
insert into registration (plates, emp, reg_org, reg_date, country, drr, amount) values ('GLZ119', '40194345', 1312, '25-Jul-14', 'NZ', 37197, 85.08);
insert into registration (plates, emp, reg_org, reg_date, country, drr, amount) values ('GLZ119', '83809489', 1365, '18-Aug-18', null, 99448, 69.41);
insert into registration (plates, emp, reg_org, reg_date, country, drr, amount) values ('GNL151', '90064492', 1352, '7-Mar-18', 'Japan', 120002, 98.08);
insert into registration (plates, emp, reg_org, reg_date, country, drr, amount) values ('GPM997', '23484998', 1342, '12-Sep-18', 'Japan', 228240, 160.12);
insert into registration (plates, emp, reg_org, reg_date, country, drr, amount) values ('GPM997', '34034626', 1342, '31-Jul-20', null, 249161, 181.09);
insert into registration (plates, emp, reg_org, reg_date, country, drr, amount) values ('GTS149', '01835434', 1352, '1-Oct-09', 'NZ', 98640, 71.68);
insert into registration (plates, emp, reg_org, reg_date, country, drr, amount) values ('GTS149', '20185266', 1312, '15-Oct-14', null, 217082, 74.33);
insert into registration (plates, emp, reg_org, reg_date, country, drr, amount) values ('GTS149', '86208317', 1365, '6-Jun-20', null, 218307, 154.01);
insert into registration (plates, emp, reg_org, reg_date, country, drr, amount) values ('GTV045', '90064492', 1303, '6-Mar-20', 'Japan', 19625, 187.91);
insert into registration (plates, emp, reg_org, reg_date, country, drr, amount) values ('GTV045', '96094264', 1312, '23-Oct-20', null, 70540, 101.11);
insert into registration (plates, emp, reg_org, reg_date, country, drr, amount) values ('GTV045', '17520320', 1342, '30-Oct-20', null, 190015, 104.2);
insert into registration (plates, emp, reg_org, reg_date, country, drr, amount) values ('GZP126', '60609329', 1312, '1-Feb-18', 'Japan', 137675, 196.85);
insert into registration (plates, emp, reg_org, reg_date, country, drr, amount) values ('HCU141', '54689016', 1312, '4-Jul-95', 'NZ', 55952, 122.32);
insert into registration (plates, emp, reg_org, reg_date, country, drr, amount) values ('HCU141', '83809489', 1303, '27-Jun-11', null, 201466, 96.45);
insert into registration (plates, emp, reg_org, reg_date, country, drr, amount) values ('HCU141', '05106351', 1352, '5-Mar-18', null, 207392, 85.29);
insert into registration (plates, emp, reg_org, reg_date, country, drr, amount) values ('HIT189', '43529451', 1315, '30-Apr-19', 'Japan', 70289, 66.19);
insert into registration (plates, emp, reg_org, reg_date, country, drr, amount) values ('HIT189', '56700993', 1352, '24-May-20', null, 217362, 169.53);
insert into registration (plates, emp, reg_org, reg_date, country, drr, amount) values ('HIT189', '34155164', 1342, '22-Jul-20', null, 249105, 74.14);
insert into registration (plates, emp, reg_org, reg_date, country, drr, amount) values ('HIT189', '31768254', 1312, '23-Oct-20', null, 249387, 186.67);
insert into registration (plates, emp, reg_org, reg_date, country, drr, amount) values ('HJR940', '01023179', 1315, '12-May-05', 'Japan', 88853, 106.55);
insert into registration (plates, emp, reg_org, reg_date, country, drr, amount) values ('HJR940', '64708907', 1342, '10-Aug-20', null, 118572, 69.71);
insert into registration (plates, emp, reg_org, reg_date, country, drr, amount) values ('HJR940', '50125927', 1312, '6-Oct-20', null, 136202, 161.58);
insert into registration (plates, emp, reg_org, reg_date, country, drr, amount) values ('HJR940', '76786691', 1365, '22-Oct-20', null, 209460, 187.29);
insert into registration (plates, emp, reg_org, reg_date, country, drr, amount) values ('HJR940', '08781855', 1352, '30-Oct-20', null, 226219, 120.61);
insert into registration (plates, emp, reg_org, reg_date, country, drr, amount) values ('HJR940', '86202333', 1352, '31-Oct-20', null, 239469, 144.05);
insert into registration (plates, emp, reg_org, reg_date, country, drr, amount) values ('HJR940', '92852697', 1303, '31-Oct-20', null, 243765, 144.59);
insert into registration (plates, emp, reg_org, reg_date, country, drr, amount) values ('HKR135', '19938104', 1352, '2-Apr-08', 'NZ', 93422, 190.32);
insert into registration (plates, emp, reg_org, reg_date, country, drr, amount) values ('HKR135', '42146834', 1315, '6-Nov-18', null, 126203, 106.75);
insert into registration (plates, emp, reg_org, reg_date, country, drr, amount) values ('HKR135', '17520320', 1342, '15-Mar-19', null, 213471, 174.08);
insert into registration (plates, emp, reg_org, reg_date, country, drr, amount) values ('HLB118', '40194345', 1342, '16-Apr-20', 'Japan', 50364, 71.1);
insert into registration (plates, emp, reg_org, reg_date, country, drr, amount) values ('HLB118', '08244753', 1315, '9-Oct-20', null, 140561, 149.59);
insert into registration (plates, emp, reg_org, reg_date, country, drr, amount) values ('HLB118', '54689016', 1303, '28-Oct-20', null, 223459, 108.25);
insert into registration (plates, emp, reg_org, reg_date, country, drr, amount) values ('HLB118', '02092841', 1352, '31-Oct-20', null, 234287, 134.36);
insert into registration (plates, emp, reg_org, reg_date, country, drr, amount) values ('HLO006', '77196824', 1342, '14-Mar-07', 'NZ', 231053, 140.51);
insert into registration (plates, emp, reg_org, reg_date, country, drr, amount) values ('HLO006', '35578734', 1365, '8-May-18', null, 236171, 162.6);
insert into registration (plates, emp, reg_org, reg_date, country, drr, amount) values ('HLP152', '72881298', 1315, '25-Jul-13', 'Japan', 183918, 155.63);
insert into registration (plates, emp, reg_org, reg_date, country, drr, amount) values ('HLP152', '40180000', 1303, '11-Nov-15', null, 205806, 189.55);
insert into registration (plates, emp, reg_org, reg_date, country, drr, amount) values ('HLP152', '02092841', 1342, '28-Nov-18', null, 219226, 81.83);
insert into registration (plates, emp, reg_org, reg_date, country, drr, amount) values ('HLZ220', '90064492', 1342, '9-Oct-06', 'Japan', 235800, 93.95);
insert into registration (plates, emp, reg_org, reg_date, country, drr, amount) values ('HMS157', '45486395', 1315, '11-Nov-16', 'Japan', 153015, 169.4);
insert into registration (plates, emp, reg_org, reg_date, country, drr, amount) values ('HNJ185', '26738618', 1352, '1-Oct-19', 'Japan', 108375, 127.1);
insert into registration (plates, emp, reg_org, reg_date, country, drr, amount) values ('HNJ185', '31768254', 1303, '12-Aug-20', null, 174553, 79.17);
insert into registration (plates, emp, reg_org, reg_date, country, drr, amount) values ('HSM521', '41209250', 1312, '11-Jun-20', 'Japan', 125059, 175.7);
insert into registration (plates, emp, reg_org, reg_date, country, drr, amount) values ('HSM521', '28854351', 1303, '13-Oct-20', null, 216796, 101.16);
insert into registration (plates, emp, reg_org, reg_date, country, drr, amount) values ('HVW172', '93420877', 1303, '4-Aug-15', 'NZ', 130280, 113.21);
insert into registration (plates, emp, reg_org, reg_date, country, drr, amount) values ('HVW172', '36741301', 1342, '14-Dec-19', null, 234353, 159.78);
insert into registration (plates, emp, reg_org, reg_date, country, drr, amount) values ('HXL953', '16092341', 1342, '10-May-02', 'Japan', 183684, 76.65);
insert into registration (plates, emp, reg_org, reg_date, country, drr, amount) values ('HXL953', '29315405', 1365, '12-Sep-20', null, 208083, 87.37);
insert into registration (plates, emp, reg_org, reg_date, country, drr, amount) values ('IBY128', '42146834', 1365, '20-Feb-18', 'NZ', 128420, 70.97);
insert into registration (plates, emp, reg_org, reg_date, country, drr, amount) values ('IBY128', '26738618', 1342, '27-Mar-20', null, 241979, 191.51);
insert into registration (plates, emp, reg_org, reg_date, country, drr, amount) values ('IBY382', '35578734', 1315, '7-Dec-03', 'NZ', 209964, 75.31);
insert into registration (plates, emp, reg_org, reg_date, country, drr, amount) values ('IBY382', '39072878', 1312, '13-Jul-20', null, 238862, 65.45);
insert into registration (plates, emp, reg_org, reg_date, country, drr, amount) values ('IBY382', '35901267', 1352, '23-Oct-20', null, 242496, 172.4);
insert into registration (plates, emp, reg_org, reg_date, country, drr, amount) values ('ICF143', '92752129', 1312, '29-Aug-19', 'Japan', 98910, 100.9);
insert into registration (plates, emp, reg_org, reg_date, country, drr, amount) values ('IDY226', '35860979', 1312, '20-Aug-07', 'NZ', 200096, 70.96);
insert into registration (plates, emp, reg_org, reg_date, country, drr, amount) values ('IDY226', '26940526', 1303, '8-Oct-15', null, 224533, 93.49);
insert into registration (plates, emp, reg_org, reg_date, country, drr, amount) values ('IDY226', '58190091', 1303, '13-Nov-18', null, 242217, 159.66);
insert into registration (plates, emp, reg_org, reg_date, country, drr, amount) values ('IEL146', '55931470', 1365, '16-Apr-20', 'NZ', 129993, 85.49);
insert into registration (plates, emp, reg_org, reg_date, country, drr, amount) values ('IQC163', '07601017', 1352, '20-Apr-07', 'Japan', 98610, 190.76);
insert into registration (plates, emp, reg_org, reg_date, country, drr, amount) values ('IQC163', '39072878', 1342, '16-Jul-20', null, 134272, 86.2);
insert into registration (plates, emp, reg_org, reg_date, country, drr, amount) values ('IWR164', '53991511', 1315, '19-Apr-93', 'Japan', 5229, 173.63);
insert into registration (plates, emp, reg_org, reg_date, country, drr, amount) values ('IWR164', '01606885', 1312, '16-Jul-17', null, 45582, 159.02);
insert into registration (plates, emp, reg_org, reg_date, country, drr, amount) values ('IWR164', '95544022', 1365, '14-Jul-19', null, 95951, 112.31);
insert into registration (plates, emp, reg_org, reg_date, country, drr, amount) values ('JAV590', '20185266', 1342, '23-Nov-16', 'NZ', 93640, 183.85);
insert into registration (plates, emp, reg_org, reg_date, country, drr, amount) values ('JGR388', '81655013', 1352, '13-Jan-11', 'Japan', 67829, 88.62);
insert into registration (plates, emp, reg_org, reg_date, country, drr, amount) values ('JGR388', '06779177', 1365, '3-Sep-19', null, 196308, 103.04);
insert into registration (plates, emp, reg_org, reg_date, country, drr, amount) values ('JHW113', '23484998', 1303, '18-Jan-20', 'NZ', 63489, 191.65);
insert into registration (plates, emp, reg_org, reg_date, country, drr, amount) values ('JHW113', '17006631', 1352, '11-Oct-20', null, 78159, 77.83);
insert into registration (plates, emp, reg_org, reg_date, country, drr, amount) values ('JPZ553', '41209250', 1342, '25-Jun-90', 'NZ', 140525, 66.67);
insert into registration (plates, emp, reg_org, reg_date, country, drr, amount) values ('JSK555', '31768254', 1315, '10-Sep-00', 'Japan', 3607, 127.74);
insert into registration (plates, emp, reg_org, reg_date, country, drr, amount) values ('JSK555', '75608240', 1315, '21-May-18', null, 36685, 151.01);
insert into registration (plates, emp, reg_org, reg_date, country, drr, amount) values ('JWG061', '31768254', 1315, '25-Mar-19', 'Japan', 15479, 151.45);
insert into registration (plates, emp, reg_org, reg_date, country, drr, amount) values ('JWG061', '65731911', 1352, '16-Jan-20', null, 127609, 158.09);
insert into registration (plates, emp, reg_org, reg_date, country, drr, amount) values ('KAC756', '26738618', 1365, '17-Mar-19', 'NZ', 107528, 91.59);
insert into registration (plates, emp, reg_org, reg_date, country, drr, amount) values ('KAC756', '19221587', 1365, '1-Jan-20', null, 185779, 92.33);
insert into registration (plates, emp, reg_org, reg_date, country, drr, amount) values ('KES176', '31768254', 1342, '20-Jun-16', 'Japan', 123276, 82.35);
insert into registration (plates, emp, reg_org, reg_date, country, drr, amount) values ('KOF127', '17006631', 1365, '1-Sep-09', 'NZ', 167029, 121.37);
insert into registration (plates, emp, reg_org, reg_date, country, drr, amount) values ('KOF127', '05106351', 1352, '27-Dec-16', null, 238441, 105.99);
insert into registration (plates, emp, reg_org, reg_date, country, drr, amount) values ('KOF127', '97544701', 1352, '24-Jan-20', null, 241505, 188.15);
insert into registration (plates, emp, reg_org, reg_date, country, drr, amount) values ('KRC106', '66548123', 1303, '25-Jan-13', 'NZ', 208884, 176.26);
insert into registration (plates, emp, reg_org, reg_date, country, drr, amount) values ('KRC106', '26940526', 1365, '2-Aug-20', null, 214821, 91.89);
insert into registration (plates, emp, reg_org, reg_date, country, drr, amount) values ('KRD264', '22341334', 1342, '29-Jul-93', 'Japan', 18585, 168.67);
insert into registration (plates, emp, reg_org, reg_date, country, drr, amount) values ('KRD264', '56700993', 1342, '16-Jun-07', null, 141763, 194.37);
insert into registration (plates, emp, reg_org, reg_date, country, drr, amount) values ('KRD264', '74495689', 1352, '16-Jan-20', null, 143096, 193.95);
insert into registration (plates, emp, reg_org, reg_date, country, drr, amount) values ('KVQ132', '01023179', 1303, '25-Oct-20', 'Japan', 107196, 142.25);
insert into registration (plates, emp, reg_org, reg_date, country, drr, amount) values ('KVQ132', '22240772', 1342, '31-Oct-20', null, 116545, 153.43);
insert into registration (plates, emp, reg_org, reg_date, country, drr, amount) values ('KVQ132', '60609329', 1312, '4-Nov-20', null, 160086, 193.85);
insert into registration (plates, emp, reg_org, reg_date, country, drr, amount) values ('LES291', '90064492', 1365, '28-Oct-95', 'NZ', 231765, 103.51);
insert into registration (plates, emp, reg_org, reg_date, country, drr, amount) values ('LFM181', '88128854', 1312, '28-Sep-15', 'Japan', 235914, 96.65);
insert into registration (plates, emp, reg_org, reg_date, country, drr, amount) values ('LKT125', '24785875', 1342, '26-Apr-10', 'Japan', 13756, 94.52);
insert into registration (plates, emp, reg_org, reg_date, country, drr, amount) values ('LQP133', '49096466', 1342, '7-Oct-16', 'NZ', 203037, 79.19);
insert into registration (plates, emp, reg_org, reg_date, country, drr, amount) values ('LQP133', '06779177', 1352, '2-Nov-20', null, 205879, 110.36);
insert into registration (plates, emp, reg_org, reg_date, country, drr, amount) values ('LRJ198', '43529451', 1342, '24-Dec-11', 'Japan', 142490, 73.13);
insert into registration (plates, emp, reg_org, reg_date, country, drr, amount) values ('LUG419', '34034626', 1365, '15-Mar-08', 'Japan', 190415, 163.45);
insert into registration (plates, emp, reg_org, reg_date, country, drr, amount) values ('LUG419', '31612780', 1365, '1-Sep-15', null, 200424, 101.23);
insert into registration (plates, emp, reg_org, reg_date, country, drr, amount) values ('LUM194', '62768272', 1312, '17-Sep-16', 'NZ', 71238, 163.54);
insert into registration (plates, emp, reg_org, reg_date, country, drr, amount) values ('MBU195', '53624180', 1365, '13-Jan-13', 'Japan', 168869, 140.13);
insert into registration (plates, emp, reg_org, reg_date, country, drr, amount) values ('MIC180', '29664819', 1352, '23-Aug-14', 'Japan', 11012, 175.65);
insert into registration (plates, emp, reg_org, reg_date, country, drr, amount) values ('MJA315', '92852697', 1315, '8-Mar-09', 'Japan', 193279, 154.92);
insert into registration (plates, emp, reg_org, reg_date, country, drr, amount) values ('MLA111', '47509101', 1365, '5-Jan-97', 'Japan', 103686, 133.34);
insert into registration (plates, emp, reg_org, reg_date, country, drr, amount) values ('MNW195', '08244753', 1352, '25-Sep-08', 'Japan', 164649, 74.76);
insert into registration (plates, emp, reg_org, reg_date, country, drr, amount) values ('MNW195', '55570207', 1352, '1-Dec-18', null, 213862, 77.64);
insert into registration (plates, emp, reg_org, reg_date, country, drr, amount) values ('MNW195', '68021963', 1303, '10-Aug-19', null, 232659, 123.17);
insert into registration (plates, emp, reg_org, reg_date, country, drr, amount) values ('MTS186', '50498461', 1315, '21-Mar-10', 'NZ', 222351, 87.72);
insert into registration (plates, emp, reg_org, reg_date, country, drr, amount) values ('MTS186', '74495689', 1352, '27-Oct-20', null, 231891, 152.97);
insert into registration (plates, emp, reg_org, reg_date, country, drr, amount) values ('NGE699', '88128854', 1312, '15-Oct-11', 'NZ', 47818, 124.95);
insert into registration (plates, emp, reg_org, reg_date, country, drr, amount) values ('NPC171', '26738618', 1342, '11-Apr-92', 'Japan', 243707, 176.82);
insert into registration (plates, emp, reg_org, reg_date, country, drr, amount) values ('NSZ167', '01645352', 1365, '18-May-93', 'Japan', 247413, 168.35);
insert into registration (plates, emp, reg_org, reg_date, country, drr, amount) values ('NZI125', '52925772', 1352, '21-Nov-10', 'NZ', 117241, 176.12);
insert into registration (plates, emp, reg_org, reg_date, country, drr, amount) values ('OGQ147', '37853477', 1342, '20-Jan-99', 'NZ', 152674, 120.56);
insert into registration (plates, emp, reg_org, reg_date, country, drr, amount) values ('OHZ249', '34034626', 1352, '25-Oct-13', 'Japan', 137460, 89.79);
insert into registration (plates, emp, reg_org, reg_date, country, drr, amount) values ('OHZ249', '31612780', 1342, '7-Jul-18', null, 157002, 140.75);
insert into registration (plates, emp, reg_org, reg_date, country, drr, amount) values ('PAH360', '01921287', 1303, '12-Jun-18', 'Japan', 140405, 93.99);
insert into registration (plates, emp, reg_org, reg_date, country, drr, amount) values ('PAH360', '01606885', 1312, '1-Jun-20', null, 170350, 176.17);
insert into registration (plates, emp, reg_org, reg_date, country, drr, amount) values ('PAH360', '90446269', 1352, '27-Oct-20', null, 184396, 115.85);
insert into registration (plates, emp, reg_org, reg_date, country, drr, amount) values ('PGE134', '17347713', 1365, '18-Oct-18', 'NZ', 183170, 113.89);
insert into registration (plates, emp, reg_org, reg_date, country, drr, amount) values ('PRH454', '58073414', 1303, '11-Mar-15', 'Japan', 102635, 182.44);
insert into registration (plates, emp, reg_org, reg_date, country, drr, amount) values ('PXA530', '52480403', 1342, '31-Dec-19', 'Japan', 211587, 142.4);
insert into registration (plates, emp, reg_org, reg_date, country, drr, amount) values ('PXA530', '76786691', 1352, '3-Oct-20', null, 225577, 128.42);
insert into registration (plates, emp, reg_org, reg_date, country, drr, amount) values ('PXA530', '49705802', 1352, '30-Oct-20', null, 240911, 137.62);
insert into registration (plates, emp, reg_org, reg_date, country, drr, amount) values ('PXA530', '29664819', 1312, '30-Oct-20', null, 246543, 124.07);
insert into registration (plates, emp, reg_org, reg_date, country, drr, amount) values ('PXA530', '77057115', 1365, '30-Oct-20', null, 247610, 169.3);
insert into registration (plates, emp, reg_org, reg_date, country, drr, amount) values ('PZW271', '26738618', 1365, '23-Jan-19', 'NZ', 146799, 195.9);
insert into registration (plates, emp, reg_org, reg_date, country, drr, amount) values ('QAD038', '56700993', 1315, '21-Mar-08', 'NZ', 60842, 118.09);
insert into registration (plates, emp, reg_org, reg_date, country, drr, amount) values ('QBY170', '26100740', 1303, '13-Oct-00', 'Japan', 211065, 67.3);
insert into registration (plates, emp, reg_org, reg_date, country, drr, amount) values ('QBY170', '44823829', 1352, '4-Feb-15', null, 221148, 190.18);
insert into registration (plates, emp, reg_org, reg_date, country, drr, amount) values ('QSR188', '93420877', 1365, '16-Jan-19', 'Japan', 157448, 114.56);
insert into registration (plates, emp, reg_org, reg_date, country, drr, amount) values ('QYJ947', '83561376', 1365, '21-Jan-14', 'Japan', 96810, 188.34);
insert into registration (plates, emp, reg_org, reg_date, country, drr, amount) values ('QYJ947', '65878296', 1352, '24-Mar-19', null, 209370, 183.61);
insert into registration (plates, emp, reg_org, reg_date, country, drr, amount) values ('QYJ947', '49705802', 1365, '20-Apr-20', null, 230298, 109.82);
insert into registration (plates, emp, reg_org, reg_date, country, drr, amount) values ('RAQ466', '93420877', 1365, '1-Nov-17', 'Japan', 179148, 129.58);
insert into registration (plates, emp, reg_org, reg_date, country, drr, amount) values ('RAQ466', '65731911', 1312, '6-May-20', null, 236797, 106.13);
insert into registration (plates, emp, reg_org, reg_date, country, drr, amount) values ('RAQ466', '95699546', 1352, '28-Oct-20', null, 245296, 87.51);
insert into registration (plates, emp, reg_org, reg_date, country, drr, amount) values ('RHP014', '83809489', 1365, '23-Nov-08', 'Japan', 62864, 71.43);
insert into registration (plates, emp, reg_org, reg_date, country, drr, amount) values ('RHP014', '40180000', 1352, '23-Nov-19', null, 243326, 198.13);
insert into registration (plates, emp, reg_org, reg_date, country, drr, amount) values ('RIU098', '70254327', 1352, '25-Apr-15', 'Japan', 145123, 68.39);
insert into registration (plates, emp, reg_org, reg_date, country, drr, amount) values ('RIU098', '97544701', 1315, '29-Nov-17', null, 195219, 133.31);
insert into registration (plates, emp, reg_org, reg_date, country, drr, amount) values ('RMF129', '15522576', 1303, '29-Oct-01', 'Japan', 84800, 178.09);
insert into registration (plates, emp, reg_org, reg_date, country, drr, amount) values ('RMF129', '25498167', 1342, '21-Jul-20', null, 131139, 128.75);
insert into registration (plates, emp, reg_org, reg_date, country, drr, amount) values ('RMF129', '52514307', 1315, '19-Aug-20', null, 244306, 184.36);
insert into registration (plates, emp, reg_org, reg_date, country, drr, amount) values ('RNJ668', '50855015', 1312, '13-Oct-99', 'Japan', 101612, 144.04);
insert into registration (plates, emp, reg_org, reg_date, country, drr, amount) values ('RNJ668', '62010997', 1312, '15-Oct-20', null, 136246, 128.25);
insert into registration (plates, emp, reg_org, reg_date, country, drr, amount) values ('RNJ668', '74552540', 1365, '5-Nov-20', null, 159877, 65.22);
insert into registration (plates, emp, reg_org, reg_date, country, drr, amount) values ('RPZ694', '26100740', 1352, '20-Aug-16', 'Japan', 222228, 77.75);
insert into registration (plates, emp, reg_org, reg_date, country, drr, amount) values ('RTB727', '35721576', 1312, '22-Aug-12', 'Japan', 127015, 172.75);
insert into registration (plates, emp, reg_org, reg_date, country, drr, amount) values ('RTB727', '58073414', 1303, '9-Jan-20', null, 176849, 145.26);
insert into registration (plates, emp, reg_org, reg_date, country, drr, amount) values ('RTQ193', '50945401', 1303, '14-Mar-10', 'Japan', 144602, 134.63);
insert into registration (plates, emp, reg_org, reg_date, country, drr, amount) values ('SAM199', '47509101', 1352, '26-Aug-16', 'NZ', 73204, 187.15);
insert into registration (plates, emp, reg_org, reg_date, country, drr, amount) values ('SAM199', '95544022', 1352, '26-Sep-19', null, 218781, 179.17);
insert into registration (plates, emp, reg_org, reg_date, country, drr, amount) values ('SAM199', '68875494', 1342, '29-Oct-20', null, 234847, 110.23);
insert into registration (plates, emp, reg_org, reg_date, country, drr, amount) values ('SAM199', '20029012', 1342, '2-Nov-20', null, 247236, 142.0);
insert into registration (plates, emp, reg_org, reg_date, country, drr, amount) values ('SDQ485', '77057115', 1315, '4-Jun-13', 'Japan', 128313, 142.8);
insert into registration (plates, emp, reg_org, reg_date, country, drr, amount) values ('SDQ485', '98305913', 1365, '27-Jun-18', null, 128495, 144.89);
insert into registration (plates, emp, reg_org, reg_date, country, drr, amount) values ('SNB642', '89784689', 1315, '14-Apr-18', 'NZ', 200161, 162.65);
insert into registration (plates, emp, reg_org, reg_date, country, drr, amount) values ('SNB642', '70254327', 1352, '24-Jun-19', null, 220782, 86.76);
insert into registration (plates, emp, reg_org, reg_date, country, drr, amount) values ('SQI002', '42960230', 1365, '15-Nov-08', 'Japan', 130475, 137.67);
insert into registration (plates, emp, reg_org, reg_date, country, drr, amount) values ('SQI002', '70254327', 1352, '17-Aug-17', null, 205691, 143.45);
insert into registration (plates, emp, reg_org, reg_date, country, drr, amount) values ('SQI002', '25498167', 1312, '2-Feb-20', null, 230070, 153.16);
insert into registration (plates, emp, reg_org, reg_date, country, drr, amount) values ('SQI002', '33434293', 1342, '26-Sep-20', null, 248759, 160.49);
insert into registration (plates, emp, reg_org, reg_date, country, drr, amount) values ('SQI002', '53121881', 1303, '14-Oct-20', null, 248857, 81.33);
insert into registration (plates, emp, reg_org, reg_date, country, drr, amount) values ('SQP110', '65331163', 1352, '18-Mar-17', 'Japan', 63847, 132.41);
insert into registration (plates, emp, reg_org, reg_date, country, drr, amount) values ('STD184', '20185266', 1342, '12-Nov-16', 'NZ', 222804, 132.23);
insert into registration (plates, emp, reg_org, reg_date, country, drr, amount) values ('STD184', '04723027', 1303, '14-Aug-19', null, 223336, 118.35);
insert into registration (plates, emp, reg_org, reg_date, country, drr, amount) values ('STD184', '29951970', 1352, '21-Oct-20', null, 237337, 170.57);
insert into registration (plates, emp, reg_org, reg_date, country, drr, amount) values ('SWH191', '95544022', 1315, '8-Sep-07', 'NZ', 196688, 106.77);
insert into registration (plates, emp, reg_org, reg_date, country, drr, amount) values ('SWH191', '87564059', 1365, '30-Sep-15', null, 204954, 88.04);
insert into registration (plates, emp, reg_org, reg_date, country, drr, amount) values ('SWH191', '45671680', 1365, '14-Aug-17', null, 233745, 77.45);
insert into registration (plates, emp, reg_org, reg_date, country, drr, amount) values ('TFL487', '70282449', 1312, '28-Aug-18', 'NZ', 159630, 102.25);
insert into registration (plates, emp, reg_org, reg_date, country, drr, amount) values ('TRG225', '11018210', 1352, '13-May-90', 'Japan', 112664, 173.27);
insert into registration (plates, emp, reg_org, reg_date, country, drr, amount) values ('TRG225', '22341334', 1315, '1-Oct-20', null, 236080, 143.18);
insert into registration (plates, emp, reg_org, reg_date, country, drr, amount) values ('TRG225', '87564059', 1312, '20-Oct-20', null, 247364, 140.81);
insert into registration (plates, emp, reg_org, reg_date, country, drr, amount) values ('TYP074', '07601017', 1365, '25-Dec-11', 'Japan', 96980, 146.43);
insert into registration (plates, emp, reg_org, reg_date, country, drr, amount) values ('TYP074', '92752129', 1342, '27-Aug-20', null, 225739, 179.82);
insert into registration (plates, emp, reg_org, reg_date, country, drr, amount) values ('TYP074', '08781855', 1365, '25-Sep-20', null, 245703, 84.59);
insert into registration (plates, emp, reg_org, reg_date, country, drr, amount) values ('UGM629', '77196824', 1312, '16-Apr-16', 'Japan', 34467, 131.04);
insert into registration (plates, emp, reg_org, reg_date, country, drr, amount) values ('UOV173', '89080140', 1365, '18-Mar-08', 'NZ', 35934, 138.52);
insert into registration (plates, emp, reg_org, reg_date, country, drr, amount) values ('UPF991', '16092341', 1303, '21-Sep-17', 'Japan', 90579, 73.28);
insert into registration (plates, emp, reg_org, reg_date, country, drr, amount) values ('UPF991', '28554250', 1315, '5-Nov-20', null, 192691, 149.02);
insert into registration (plates, emp, reg_org, reg_date, country, drr, amount) values ('UXB122', '40180000', 1303, '17-Oct-06', 'Japan', 45596, 123.4);
insert into registration (plates, emp, reg_org, reg_date, country, drr, amount) values ('UXB122', '89784689', 1342, '15-Dec-18', null, 113475, 70.51);
insert into registration (plates, emp, reg_org, reg_date, country, drr, amount) values ('VAO734', '49762900', 1365, '10-Oct-12', 'Japan', 80322, 87.97);
insert into registration (plates, emp, reg_org, reg_date, country, drr, amount) values ('VAO734', '39072878', 1365, '24-Oct-19', null, 183887, 189.87);
insert into registration (plates, emp, reg_org, reg_date, country, drr, amount) values ('VBE182', '89080140', 1312, '21-Jul-06', 'Japan', 168975, 97.58);
insert into registration (plates, emp, reg_org, reg_date, country, drr, amount) values ('VDS183', '24785875', 1342, '8-Dec-02', 'NZ', 83590, 180.75);
insert into registration (plates, emp, reg_org, reg_date, country, drr, amount) values ('VDS183', '17347713', 1342, '5-Nov-18', null, 246254, 175.32);
insert into registration (plates, emp, reg_org, reg_date, country, drr, amount) values ('VJN862', '90446269', 1365, '4-May-12', 'Japan', 205538, 167.61);
insert into registration (plates, emp, reg_org, reg_date, country, drr, amount) values ('VJN862', '68875494', 1352, '26-Jul-19', null, 217719, 78.33);
insert into registration (plates, emp, reg_org, reg_date, country, drr, amount) values ('VJN862', '58190091', 1303, '17-Sep-20', null, 247486, 125.29);
insert into registration (plates, emp, reg_org, reg_date, country, drr, amount) values ('VKF131', '15522576', 1352, '4-Sep-97', 'NZ', 119439, 169.34);
insert into registration (plates, emp, reg_org, reg_date, country, drr, amount) values ('VKF131', '01921287', 1352, '29-Sep-18', null, 248352, 67.51);
insert into registration (plates, emp, reg_org, reg_date, country, drr, amount) values ('VSH102', '52514307', 1312, '12-May-12', 'NZ', 115011, 181.76);
insert into registration (plates, emp, reg_org, reg_date, country, drr, amount) values ('VUS104', '51415984', 1315, '4-Jul-14', 'NZ', 247847, 175.65);
insert into registration (plates, emp, reg_org, reg_date, country, drr, amount) values ('VYK970', '58190091', 1365, '19-Mar-05', 'NZ', 49710, 157.66);
insert into registration (plates, emp, reg_org, reg_date, country, drr, amount) values ('VYL016', '90064492', 1303, '15-Aug-20', 'Japan', 135015, 197.56);
insert into registration (plates, emp, reg_org, reg_date, country, drr, amount) values ('VZK452', '67488603', 1342, '22-Feb-01', 'Japan', 162434, 105.56);
insert into registration (plates, emp, reg_org, reg_date, country, drr, amount) values ('VZK452', '50498461', 1342, '13-Aug-10', null, 239920, 92.29);
insert into registration (plates, emp, reg_org, reg_date, country, drr, amount) values ('WEY936', '52925772', 1312, '25-Jun-17', 'NZ', 226530, 151.9);
insert into registration (plates, emp, reg_org, reg_date, country, drr, amount) values ('WGJ116', '76786691', 1352, '4-Sep-95', 'Japan', 52370, 120.66);
insert into registration (plates, emp, reg_org, reg_date, country, drr, amount) values ('WGJ116', '64708907', 1303, '29-Jul-17', null, 100886, 79.19);
insert into registration (plates, emp, reg_org, reg_date, country, drr, amount) values ('WGJ116', '24546437', 1365, '18-Mar-20', null, 110245, 82.15);
insert into registration (plates, emp, reg_org, reg_date, country, drr, amount) values ('WGJ116', '21962948', 1342, '29-Oct-20', null, 190330, 112.5);
insert into registration (plates, emp, reg_org, reg_date, country, drr, amount) values ('XAC140', '99309142', 1352, '30-Mar-17', 'Japan', 237761, 87.01);
insert into registration (plates, emp, reg_org, reg_date, country, drr, amount) values ('XAC140', '56408738', 1342, '30-Apr-20', null, 246046, 125.56);
insert into registration (plates, emp, reg_org, reg_date, country, drr, amount) values ('XAC140', '77583912', 1303, '28-Aug-20', null, 249827, 172.6);
insert into registration (plates, emp, reg_org, reg_date, country, drr, amount) values ('XAC140', '45671680', 1352, '8-Oct-20', null, 249837, 92.18);
insert into registration (plates, emp, reg_org, reg_date, country, drr, amount) values ('XRL132', '56700993', 1312, '11-Jul-19', 'Japan', 238317, 166.58);
insert into registration (plates, emp, reg_org, reg_date, country, drr, amount) values ('XRL132', '50945401', 1342, '19-Oct-20', null, 243915, 181.84);
insert into registration (plates, emp, reg_org, reg_date, country, drr, amount) values ('XSG334', '43648582', 1303, '9-May-15', 'Japan', 53922, 190.94);
insert into registration (plates, emp, reg_org, reg_date, country, drr, amount) values ('XSG334', '28554250', 1342, '16-Jun-20', null, 174660, 198.52);
insert into registration (plates, emp, reg_org, reg_date, country, drr, amount) values ('YIE078', '70282449', 1365, '22-Jul-10', 'NZ', 243479, 66.05);
insert into registration (plates, emp, reg_org, reg_date, country, drr, amount) values ('YIE078', '52925772', 1303, '15-Jul-15', null, 248063, 155.05);
insert into registration (plates, emp, reg_org, reg_date, country, drr, amount) values ('YIE078', '97544701', 1365, '27-Oct-20', null, 248857, 68.35);
insert into registration (plates, emp, reg_org, reg_date, country, drr, amount) values ('YIE078', '89080140', 1303, '30-Oct-20', null, 249956, 184.73);
insert into registration (plates, emp, reg_org, reg_date, country, drr, amount) values ('YIE078', '81655013', 1342, '4-Nov-20', null, 249981, 97.09);
insert into registration (plates, emp, reg_org, reg_date, country, drr, amount) values ('YTZ138', '56408738', 1303, '28-Sep-09', 'Japan', 134691, 68.19);
insert into registration (plates, emp, reg_org, reg_date, country, drr, amount) values ('YZI986', '60609329', 1342, '31-Aug-05', 'Japan', 241883, 165.02);
insert into registration (plates, emp, reg_org, reg_date, country, drr, amount) values ('YZI986', '88128854', 1303, '12-Aug-18', null, 246639, 184.49);
insert into registration (plates, emp, reg_org, reg_date, country, drr, amount) values ('ZJV136', '90446269', 1342, '4-Apr-19', 'Japan', 92158, 87.23);
insert into registration (plates, emp, reg_org, reg_date, country, drr, amount) values ('ZJV136', '50855015', 1303, '29-Jul-20', null, 121543, 135.47);
insert into registration (plates, emp, reg_org, reg_date, country, drr, amount) values ('ZJV136', '70254327', 1342, '10-Oct-20', null, 147989, 72.27);
insert into registration (plates, emp, reg_org, reg_date, country, drr, amount) values ('ZJV136', '16092341', 1303, '28-Oct-20', null, 209651, 139.27);
insert into registration (plates, emp, reg_org, reg_date, country, drr, amount) values ('ZUD944', '47509101', 1312, '30-Mar-17', 'NZ', 6948, 70.94);
insert into registration (plates, emp, reg_org, reg_date, country, drr, amount) values ('ZUD944', '77196824', 1303, '6-Mar-20', null, 215517, 156.91);
insert into registration (plates, emp, reg_org, reg_date, country, drr, amount) values ('ZUD944', '43648582', 1352, '10-Jun-20', null, 226083, 192.4);
